timestamp,consumption_kwh
2012-02-01 00:00:00,0.378
2012-02-01 00:30:00,0.353
2012-02-01 01:00:00,0.199
2012-02-01 01:30:00,0.115
2012-02-01 02:00:00,0.144
2012-02-01 02:30:00,0.061
2012-02-01 03:00:00,0.105
2012-02-01 03:30:00,0.162
2012-02-01 04:00:00,0.078
2012-02-01 04:30:00,0.139
2012-02-01 05:00:00,0.145
2012-02-01 05:30:00,0.11
2012-02-01 06:00:00,0.162
2012-02-01 06:30:00,0.173
2012-02-01 07:00:00,0.214
2012-02-01 07:30:00,0.704
2012-02-01 08:00:00,0.516
2012-02-01 08:30:00,0.088
2012-02-01 09:00:00,0.112
2012-02-01 09:30:00,0.132
2012-02-01 10:00:00,0.063
2012-02-01 10:30:00,0.124
2012-02-01 11:00:00,0.145
2012-02-01 11:30:00,0.095
2012-02-01 12:00:00,0.124
2012-02-01 12:30:00,0.115
2012-02-01 13:00:00,0.063
2012-02-01 13:30:00,0.14
2012-02-01 14:00:00,0.104
2012-02-01 14:30:00,0.109
2012-02-01 15:00:00,0.147
2012-02-01 15:30:00,0.095
2012-02-01 16:00:00,0.115
2012-02-01 16:30:00,0.196
2012-02-01 17:00:00,0.129
2012-02-01 17:30:00,0.355
2012-02-01 18:00:00,0.734
2012-02-01 18:30:00,0.6
2012-02-01 19:00:00,0.797
2012-02-01 19:30:00,1.834
2012-02-01 20:00:00,0.744
2012-02-01 20:30:00,0.502
2012-02-01 21:00:00,0.601
2012-02-01 21:30:00,0.5
2012-02-01 22:00:00,0.677
2012-02-01 22:30:00,0.69
2012-02-01 23:00:00,0.426
2012-02-01 23:30:00,0.59
2012-02-02 00:00:00,0.247
2012-02-02 00:30:00,0.177
2012-02-02 01:00:00,0.236
2012-02-02 01:30:00,0.135
2012-02-02 02:00:00,0.09
2012-02-02 02:30:00,0.159
2012-02-02 03:00:00,0.13
2012-02-02 03:30:00,0.123
2012-02-02 04:00:00,0.143
2012-02-02 04:30:00,0.083
2012-02-02 05:00:00,0.062
2012-02-02 05:30:00,0.179
2012-02-02 06:00:00,0.121
2012-02-02 06:30:00,0.117
2012-02-02 07:00:00,0.345
2012-02-02 07:30:00,0.649
2012-02-02 08:00:00,0.383
2012-02-02 08:30:00,0.377
2012-02-02 09:00:00,0.819
2012-02-02 09:30:00,0.177
2012-02-02 10:00:00,0.176
2012-02-02 10:30:00,0.12
2012-02-02 11:00:00,1.011
2012-02-02 11:30:00,1.169
2012-02-02 12:00:00,0.833
2012-02-02 12:30:00,0.961
2012-02-02 13:00:00,0.381
2012-02-02 13:30:00,1.136
2012-02-02 14:00:00,0.124
2012-02-02 14:30:00,0.153
2012-02-02 15:00:00,0.146
2012-02-02 15:30:00,0.068
2012-02-02 16:00:00,0.216
2012-02-02 16:30:00,0.449
2012-02-02 17:00:00,0.427
2012-02-02 17:30:00,0.7
2012-02-02 18:00:00,0.746
2012-02-02 18:30:00,0.538
2012-02-02 19:00:00,0.509
2012-02-02 19:30:00,1.143
2012-02-02 20:00:00,0.669
2012-02-02 20:30:00,0.348
2012-02-02 21:00:00,0.313
2012-02-02 21:30:00,0.647
2012-02-02 22:00:00,0.563
2012-02-02 22:30:00,0.381
2012-02-02 23:00:00,0.489
2012-02-02 23:30:00,0.451
2012-02-03 00:00:00,0.602
2012-02-03 00:30:00,0.426
2012-02-03 01:00:00,0.322
2012-02-03 01:30:00,0.135
2012-02-03 02:00:00,0.2
2012-02-03 02:30:00,0.16
2012-02-03 03:00:00,0.081
2012-02-03 03:30:00,0.138
2012-02-03 04:00:00,0.102
2012-02-03 04:30:00,0.069
2012-02-03 05:00:00,0.14
2012-02-03 05:30:00,0.152
2012-02-03 06:00:00,0.156
2012-02-03 06:30:00,0.185
2012-02-03 07:00:00,0.226
2012-02-03 07:30:00,0.673
2012-02-03 08:00:00,0.547
2012-02-03 08:30:00,0.181
2012-02-03 09:00:00,0.162
2012-02-03 09:30:00,0.17
2012-02-03 10:00:00,0.081
2012-02-03 10:30:00,0.126
2012-02-03 11:00:00,0.14
2012-02-03 11:30:00,0.118
2012-02-03 12:00:00,0.217
2012-02-03 12:30:00,1.509
2012-02-03 13:00:00,0.69
2012-02-03 13:30:00,0.218
2012-02-03 14:00:00,0.147
2012-02-03 14:30:00,1.811
2012-02-03 15:00:00,1.199
2012-02-03 15:30:00,1.43
2012-02-03 16:00:00,1.277
2012-02-03 16:30:00,0.454
2012-02-03 17:00:00,0.283
2012-02-03 17:30:00,1.118
2012-02-03 18:00:00,1.736
2012-02-03 18:30:00,1.753
2012-02-03 19:00:00,1.453
2012-02-03 19:30:00,1.178
2012-02-03 20:00:00,1.249
2012-02-03 20:30:00,0.717
2012-02-03 21:00:00,0.563
2012-02-03 21:30:00,0.941
2012-02-03 22:00:00,0.902
2012-02-03 22:30:00,0.387
2012-02-03 23:00:00,0.301
2012-02-03 23:30:00,0.419
2012-02-04 00:00:00,0.193
2012-02-04 00:30:00,0.091
2012-02-04 01:00:00,0.12
2012-02-04 01:30:00,0.23
2012-02-04 02:00:00,0.175
2012-02-04 02:30:00,0.122
2012-02-04 03:00:00,0.162
2012-02-04 03:30:00,0.088
2012-02-04 04:00:00,0.144
2012-02-04 04:30:00,0.189
2012-02-04 05:00:00,0.088
2012-02-04 05:30:00,0.188
2012-02-04 06:00:00,0.187
2012-02-04 06:30:00,0.136
2012-02-04 07:00:00,0.19
2012-02-04 07:30:00,0.204
2012-02-04 08:00:00,0.16
2012-02-04 08:30:00,0.279
2012-02-04 09:00:00,0.358
2012-02-04 09:30:00,0.153
2012-02-04 10:00:00,0.275
2012-02-04 10:30:00,0.684
2012-02-04 11:00:00,0.624
2012-02-04 11:30:00,0.966
2012-02-04 12:00:00,1.927
2012-02-04 12:30:00,1.31
2012-02-04 13:00:00,1.487
2012-02-04 13:30:00,0.649
2012-02-04 14:00:00,0.843
2012-02-04 14:30:00,1.446
2012-02-04 15:00:00,1.439
2012-02-04 15:30:00,0.711
2012-02-04 16:00:00,0.558
2012-02-04 16:30:00,1.363
2012-02-04 17:00:00,1.288
2012-02-04 17:30:00,1.224
2012-02-04 18:00:00,0.704
2012-02-04 18:30:00,0.469
2012-02-04 19:00:00,0.397
2012-02-04 19:30:00,0.475
2012-02-04 20:00:00,0.624
2012-02-04 20:30:00,0.682
2012-02-04 21:00:00,1.076
2012-02-04 21:30:00,0.411
2012-02-04 22:00:00,0.308
2012-02-04 22:30:00,0.296
2012-02-04 23:00:00,0.241
2012-02-04 23:30:00,0.561
2012-02-05 00:00:00,0.399
2012-02-05 00:30:00,0.175
2012-02-05 01:00:00,0.203
2012-02-05 01:30:00,0.183
2012-02-05 02:00:00,0.091
2012-02-05 02:30:00,0.137
2012-02-05 03:00:00,0.142
2012-02-05 03:30:00,0.098
2012-02-05 04:00:00,0.151
2012-02-05 04:30:00,0.102
2012-02-05 05:00:00,0.077
2012-02-05 05:30:00,0.199
2012-02-05 06:00:00,0.143
2012-02-05 06:30:00,0.16
2012-02-05 07:00:00,0.215
2012-02-05 07:30:00,0.145
2012-02-05 08:00:00,0.168
2012-02-05 08:30:00,0.787
2012-02-05 09:00:00,0.835
2012-02-05 09:30:00,0.285
2012-02-05 10:00:00,0.437
2012-02-05 10:30:00,0.246
2012-02-05 11:00:00,0.404
2012-02-05 11:30:00,0.402
2012-02-05 12:00:00,1.227
2012-02-05 12:30:00,0.856
2012-02-05 13:00:00,1.476
2012-02-05 13:30:00,1.323
2012-02-05 14:00:00,1.211
2012-02-05 14:30:00,0.254
2012-02-05 15:00:00,1.17
2012-02-05 15:30:00,0.42
2012-02-05 16:00:00,0.461
2012-02-05 16:30:00,0.808
2012-02-05 17:00:00,0.935
2012-02-05 17:30:00,0.61
2012-02-05 18:00:00,0.489
2012-02-05 18:30:00,0.499
2012-02-05 19:00:00,0.675
2012-02-05 19:30:00,0.598
2012-02-05 20:00:00,0.6
2012-02-05 20:30:00,0.587
2012-02-05 21:00:00,0.472
2012-02-05 21:30:00,0.745
2012-02-05 22:00:00,0.554
2012-02-05 22:30:00,0.386
2012-02-05 23:00:00,0.445
2012-02-05 23:30:00,0.457
2012-02-06 00:00:00,0.334
2012-02-06 00:30:00,0.186
2012-02-06 01:00:00,0.204
2012-02-06 01:30:00,0.112
2012-02-06 02:00:00,0.126
2012-02-06 02:30:00,0.118
2012-02-06 03:00:00,0.065
2012-02-06 03:30:00,0.131
2012-02-06 04:00:00,0.108
2012-02-06 04:30:00,0.107
2012-02-06 05:00:00,0.15
2012-02-06 05:30:00,0.151
2012-02-06 06:00:00,0.109
2012-02-06 06:30:00,0.291
2012-02-06 07:00:00,0.758
2012-02-06 07:30:00,0.607
2012-02-06 08:00:00,0.988
2012-02-06 08:30:00,0.919
2012-02-06 09:00:00,0.292
2012-02-06 09:30:00,0.422
2012-02-06 10:00:00,0.378
2012-02-06 10:30:00,0.402
2012-02-06 11:00:00,0.492
2012-02-06 11:30:00,0.403
2012-02-06 12:00:00,0.381
2012-02-06 12:30:00,0.444
2012-02-06 13:00:00,0.343
2012-02-06 13:30:00,0.355
2012-02-06 14:00:00,0.406
2012-02-06 14:30:00,0.334
2012-02-06 15:00:00,0.357
2012-02-06 15:30:00,0.369
2012-02-06 16:00:00,0.362
2012-02-06 16:30:00,0.453
2012-02-06 17:00:00,0.505
2012-02-06 17:30:00,0.555
2012-02-06 18:00:00,0.754
2012-02-06 18:30:00,1.097
2012-02-06 19:00:00,1.022
2012-02-06 19:30:00,1.317
2012-02-06 20:00:00,1.008
2012-02-06 20:30:00,0.551
2012-02-06 21:00:00,0.568
2012-02-06 21:30:00,0.495
2012-02-06 22:00:00,0.446
2012-02-06 22:30:00,0.535
2012-02-06 23:00:00,0.566
2012-02-06 23:30:00,0.483
2012-02-07 00:00:00,0.234
2012-02-07 00:30:00,0.161
2012-02-07 01:00:00,0.123
2012-02-07 01:30:00,0.184
2012-02-07 02:00:00,0.15
2012-02-07 02:30:00,0.1
2012-02-07 03:00:00,0.219
2012-02-07 03:30:00,0.251
2012-02-07 04:00:00,0.097
2012-02-07 04:30:00,0.169
2012-02-07 05:00:00,0.124
2012-02-07 05:30:00,0.135
2012-02-07 06:00:00,0.222
2012-02-07 06:30:00,0.171
2012-02-07 07:00:00,0.303
2012-02-07 07:30:00,0.814
2012-02-07 08:00:00,0.449
2012-02-07 08:30:00,0.345
2012-02-07 09:00:00,0.341
2012-02-07 09:30:00,0.311
2012-02-07 10:00:00,0.31
2012-02-07 10:30:00,0.308
2012-02-07 11:00:00,0.21
2012-02-07 11:30:00,0.225
2012-02-07 12:00:00,0.361
2012-02-07 12:30:00,0.246
2012-02-07 13:00:00,0.265
2012-02-07 13:30:00,0.197
2012-02-07 14:00:00,0.11
2012-02-07 14:30:00,0.16
2012-02-07 15:00:00,0.327
2012-02-07 15:30:00,0.401
2012-02-07 16:00:00,0.826
2012-02-07 16:30:00,1.102
2012-02-07 17:00:00,0.403
2012-02-07 17:30:00,1.422
2012-02-07 18:00:00,0.934
2012-02-07 18:30:00,0.696
2012-02-07 19:00:00,1.051
2012-02-07 19:30:00,1.112
2012-02-07 20:00:00,0.626
2012-02-07 20:30:00,0.734
2012-02-07 21:00:00,0.792
2012-02-07 21:30:00,0.803
2012-02-07 22:00:00,0.674
2012-02-07 22:30:00,0.629
2012-02-07 23:00:00,0.451
2012-02-07 23:30:00,0.495
2012-02-08 00:00:00,0.253
2012-02-08 00:30:00,0.35
2012-02-08 01:00:00,0.185
2012-02-08 01:30:00,0.126
2012-02-08 02:00:00,0.181
2012-02-08 02:30:00,0.132
2012-02-08 03:00:00,0.108
2012-02-08 03:30:00,0.227
2012-02-08 04:00:00,0.096
2012-02-08 04:30:00,0.086
2012-02-08 05:00:00,0.139
2012-02-08 05:30:00,0.11
2012-02-08 06:00:00,0.144
2012-02-08 06:30:00,0.207
2012-02-08 07:00:00,0.282
2012-02-08 07:30:00,0.67
2012-02-08 08:00:00,0.573
2012-02-08 08:30:00,0.136
2012-02-08 09:00:00,0.1
2012-02-08 09:30:00,0.14
2012-02-08 10:00:00,0.037
2012-02-08 10:30:00,0.086
2012-02-08 11:00:00,0.092
2012-02-08 11:30:00,0.04
2012-02-08 12:00:00,0.106
2012-02-08 12:30:00,0.161
2012-02-08 13:00:00,0.079
2012-02-08 13:30:00,0.207
2012-02-08 14:00:00,0.986
2012-02-08 14:30:00,0.996
2012-02-08 15:00:00,0.429
2012-02-08 15:30:00,0.337
2012-02-08 16:00:00,0.294
2012-02-08 16:30:00,0.405
2012-02-08 17:00:00,0.63
2012-02-08 17:30:00,0.603
2012-02-08 18:00:00,0.72
2012-02-08 18:30:00,0.67
2012-02-08 19:00:00,0.699
2012-02-08 19:30:00,1.286
2012-02-08 20:00:00,1.16
2012-02-08 20:30:00,0.512
2012-02-08 21:00:00,0.631
2012-02-08 21:30:00,0.657
2012-02-08 22:00:00,0.734
2012-02-08 22:30:00,0.513
2012-02-08 23:00:00,0.452
2012-02-08 23:30:00,0.837
2012-02-09 00:00:00,1.158
2012-02-09 00:30:00,0.19
2012-02-09 01:00:00,0.096
2012-02-09 01:30:00,0.146
2012-02-09 02:00:00,0.086
2012-02-09 02:30:00,0.089
2012-02-09 03:00:00,0.177
2012-02-09 03:30:00,0.102
2012-02-09 04:00:00,0.093
2012-02-09 04:30:00,0.149
2012-02-09 05:00:00,0.064
2012-02-09 05:30:00,0.156
2012-02-09 06:00:00,0.201
2012-02-09 06:30:00,0.143
2012-02-09 07:00:00,0.304
2012-02-09 07:30:00,0.683
2012-02-09 08:00:00,0.502
2012-02-09 08:30:00,1.387
2012-02-09 09:00:00,1.436
2012-02-09 09:30:00,0.572
2012-02-09 10:00:00,0.325
2012-02-09 10:30:00,0.131
2012-02-09 11:00:00,1.061
2012-02-09 11:30:00,0.969
2012-02-09 12:00:00,0.195
2012-02-09 12:30:00,0.715
2012-02-09 13:00:00,0.471
2012-02-09 13:30:00,1.124
2012-02-09 14:00:00,0.927
2012-02-09 14:30:00,0.201
2012-02-09 15:00:00,0.148
2012-02-09 15:30:00,0.09
2012-02-09 16:00:00,0.357
2012-02-09 16:30:00,1.999
2012-02-09 17:00:00,1.772
2012-02-09 17:30:00,1.77
2012-02-09 18:00:00,1.728
2012-02-09 18:30:00,0.514
2012-02-09 19:00:00,0.928
2012-02-09 19:30:00,0.83
2012-02-09 20:00:00,0.29
2012-02-09 20:30:00,0.348
2012-02-09 21:00:00,0.395
2012-02-09 21:30:00,0.461
2012-02-09 22:00:00,0.665
2012-02-09 22:30:00,0.487
2012-02-09 23:00:00,0.343
2012-02-09 23:30:00,0.221
2012-02-10 00:00:00,0.136
2012-02-10 00:30:00,0.274
2012-02-10 01:00:00,0.247
2012-02-10 01:30:00,0.115
2012-02-10 02:00:00,0.168
2012-02-10 02:30:00,0.151
2012-02-10 03:00:00,0.068
2012-02-10 03:30:00,0.141
2012-02-10 04:00:00,0.156
2012-02-10 04:30:00,0.086
2012-02-10 05:00:00,0.133
2012-02-10 05:30:00,0.16
2012-02-10 06:00:00,0.115
2012-02-10 06:30:00,0.208
2012-02-10 07:00:00,0.326
2012-02-10 07:30:00,0.74
2012-02-10 08:00:00,1.11
2012-02-10 08:30:00,0.333
2012-02-10 09:00:00,0.102
2012-02-10 09:30:00,0.166
2012-02-10 10:00:00,0.095
2012-02-10 10:30:00,0.146
2012-02-10 11:00:00,1.242
2012-02-10 11:30:00,1.004
2012-02-10 12:00:00,0.748
2012-02-10 12:30:00,0.644
2012-02-10 13:00:00,0.89
2012-02-10 13:30:00,0.38
2012-02-10 14:00:00,0.408
2012-02-10 14:30:00,0.134
2012-02-10 15:00:00,0.147
2012-02-10 15:30:00,0.573
2012-02-10 16:00:00,0.888
2012-02-10 16:30:00,1.301
2012-02-10 17:00:00,1.6
2012-02-10 17:30:00,1.466
2012-02-10 18:00:00,1.072
2012-02-10 18:30:00,2.035
2012-02-10 19:00:00,2.363
2012-02-10 19:30:00,0.635
2012-02-10 20:00:00,0.479
2012-02-10 20:30:00,0.401
2012-02-10 21:00:00,0.401
2012-02-10 21:30:00,0.358
2012-02-10 22:00:00,0.401
2012-02-10 22:30:00,0.431
2012-02-10 23:00:00,0.384
2012-02-10 23:30:00,0.567
2012-02-11 00:00:00,1.251
2012-02-11 00:30:00,0.896
2012-02-11 01:00:00,0.57
2012-02-11 01:30:00,0.523
2012-02-11 02:00:00,0.127
2012-02-11 02:30:00,0.107
2012-02-11 03:00:00,0.177
2012-02-11 03:30:00,0.118
2012-02-11 04:00:00,0.094
2012-02-11 04:30:00,0.141
2012-02-11 05:00:00,0.062
2012-02-11 05:30:00,0.171
2012-02-11 06:00:00,0.156
2012-02-11 06:30:00,0.128
2012-02-11 07:00:00,0.215
2012-02-11 07:30:00,0.142
2012-02-11 08:00:00,0.288
2012-02-11 08:30:00,0.302
2012-02-11 09:00:00,0.333
2012-02-11 09:30:00,0.142
2012-02-11 10:00:00,0.359
2012-02-11 10:30:00,0.255
2012-02-11 11:00:00,0.815
2012-02-11 11:30:00,0.851
2012-02-11 12:00:00,0.967
2012-02-11 12:30:00,0.588
2012-02-11 13:00:00,0.365
2012-02-11 13:30:00,0.258
2012-02-11 14:00:00,1.011
2012-02-11 14:30:00,1.175
2012-02-11 15:00:00,0.761
2012-02-11 15:30:00,0.677
2012-02-11 16:00:00,0.295
2012-02-11 16:30:00,0.299
2012-02-11 17:00:00,0.268
2012-02-11 17:30:00,0.664
2012-02-11 18:00:00,0.373
2012-02-11 18:30:00,0.441
2012-02-11 19:00:00,0.419
2012-02-11 19:30:00,1.079
2012-02-11 20:00:00,0.891
2012-02-11 20:30:00,0.544
2012-02-11 21:00:00,0.443
2012-02-11 21:30:00,0.393
2012-02-11 22:00:00,1.322
2012-02-11 22:30:00,0.725
2012-02-11 23:00:00,0.392
2012-02-11 23:30:00,0.509
2012-02-12 00:00:00,0.21
2012-02-12 00:30:00,0.109
2012-02-12 01:00:00,0.101
2012-02-12 01:30:00,0.173
2012-02-12 02:00:00,0.094
2012-02-12 02:30:00,0.145
2012-02-12 03:00:00,0.131
2012-02-12 03:30:00,0.065
2012-02-12 04:00:00,0.135
2012-02-12 04:30:00,0.105
2012-02-12 05:00:00,0.067
2012-02-12 05:30:00,0.227
2012-02-12 06:00:00,0.157
2012-02-12 06:30:00,0.128
2012-02-12 07:00:00,0.194
2012-02-12 07:30:00,0.126
2012-02-12 08:00:00,0.142
2012-02-12 08:30:00,0.192
2012-02-12 09:00:00,0.172
2012-02-12 09:30:00,0.266
2012-02-12 10:00:00,0.211
2012-02-12 10:30:00,0.309
2012-02-12 11:00:00,0.379
2012-02-12 11:30:00,0.303
2012-02-12 12:00:00,0.338
2012-02-12 12:30:00,0.675
2012-02-12 13:00:00,1.556
2012-02-12 13:30:00,1.536
2012-02-12 14:00:00,1.172
2012-02-12 14:30:00,0.434
2012-02-12 15:00:00,0.855
2012-02-12 15:30:00,1.014
2012-02-12 16:00:00,0.358
2012-02-12 16:30:00,0.319
2012-02-12 17:00:00,0.273
2012-02-12 17:30:00,0.798
2012-02-12 18:00:00,1.063
2012-02-12 18:30:00,1.028
2012-02-12 19:00:00,1.095
2012-02-12 19:30:00,0.62
2012-02-12 20:00:00,0.511
2012-02-12 20:30:00,0.473
2012-02-12 21:00:00,0.492
2012-02-12 21:30:00,0.504
2012-02-12 22:00:00,1.015
2012-02-12 22:30:00,0.982
2012-02-12 23:00:00,0.392
2012-02-12 23:30:00,0.368
2012-02-13 00:00:00,0.486
2012-02-13 00:30:00,0.31
2012-02-13 01:00:00,0.107
2012-02-13 01:30:00,0.198
2012-02-13 02:00:00,0.15
2012-02-13 02:30:00,0.093
2012-02-13 03:00:00,0.174
2012-02-13 03:30:00,0.104
2012-02-13 04:00:00,0.113
2012-02-13 04:30:00,0.181
2012-02-13 05:00:00,0.128
2012-02-13 05:30:00,0.173
2012-02-13 06:00:00,0.206
2012-02-13 06:30:00,0.143
2012-02-13 07:00:00,0.264
2012-02-13 07:30:00,0.602
2012-02-13 08:00:00,0.533
2012-02-13 08:30:00,0.237
2012-02-13 09:00:00,0.161
2012-02-13 09:30:00,0.083
2012-02-13 10:00:00,0.145
2012-02-13 10:30:00,0.141
2012-02-13 11:00:00,0.109
2012-02-13 11:30:00,0.18
2012-02-13 12:00:00,0.132
2012-02-13 12:30:00,0.094
2012-02-13 13:00:00,0.15
2012-02-13 13:30:00,0.134
2012-02-13 14:00:00,0.299
2012-02-13 14:30:00,0.429
2012-02-13 15:00:00,0.828
2012-02-13 15:30:00,0.482
2012-02-13 16:00:00,1.275
2012-02-13 16:30:00,0.438
2012-02-13 17:00:00,0.411
2012-02-13 17:30:00,0.564
2012-02-13 18:00:00,0.827
2012-02-13 18:30:00,1.185
2012-02-13 19:00:00,0.861
2012-02-13 19:30:00,1.95
2012-02-13 20:00:00,0.753
2012-02-13 20:30:00,0.566
2012-02-13 21:00:00,0.54
2012-02-13 21:30:00,0.613
2012-02-13 22:00:00,0.702
2012-02-13 22:30:00,0.558
2012-02-13 23:00:00,0.527
2012-02-13 23:30:00,0.535
2012-02-14 00:00:00,0.454
2012-02-14 00:30:00,0.376
2012-02-14 01:00:00,0.441
2012-02-14 01:30:00,0.191
2012-02-14 02:00:00,0.163
2012-02-14 02:30:00,0.21
2012-02-14 03:00:00,0.173
2012-02-14 03:30:00,0.132
2012-02-14 04:00:00,0.167
2012-02-14 04:30:00,0.089
2012-02-14 05:00:00,0.082
2012-02-14 05:30:00,0.2
2012-02-14 06:00:00,0.129
2012-02-14 06:30:00,0.182
2012-02-14 07:00:00,0.29
2012-02-14 07:30:00,0.331
2012-02-14 08:00:00,0.617
2012-02-14 08:30:00,0.277
2012-02-14 09:00:00,0.159
2012-02-14 09:30:00,0.18
2012-02-14 10:00:00,0.194
2012-02-14 10:30:00,0.129
2012-02-14 11:00:00,0.149
2012-02-14 11:30:00,0.202
2012-02-14 12:00:00,0.138
2012-02-14 12:30:00,0.196
2012-02-14 13:00:00,0.275
2012-02-14 13:30:00,0.152
2012-02-14 14:00:00,0.222
2012-02-14 14:30:00,0.156
2012-02-14 15:00:00,0.098
2012-02-14 15:30:00,0.161
2012-02-14 16:00:00,0.204
2012-02-14 16:30:00,0.526
2012-02-14 17:00:00,0.457
2012-02-14 17:30:00,0.979
2012-02-14 18:00:00,2.841
2012-02-14 18:30:00,1.531
2012-02-14 19:00:00,0.809
2012-02-14 19:30:00,0.506
2012-02-14 20:00:00,0.568
2012-02-14 20:30:00,0.933
2012-02-14 21:00:00,1.257
2012-02-14 21:30:00,1.42
2012-02-14 22:00:00,1.177
2012-02-14 22:30:00,0.655
2012-02-14 23:00:00,0.853
2012-02-14 23:30:00,1.529
2012-02-15 00:00:00,0.335
2012-02-15 00:00:00,0.335
2012-02-15 00:30:00,0.267
2012-02-15 01:00:00,0.337
2012-02-15 01:30:00,0.224
2012-02-15 02:00:00,0.19
2012-02-15 02:30:00,0.149
2012-02-15 03:00:00,0.078
2012-02-15 03:30:00,0.113
2012-02-15 04:00:00,0.168
2012-02-15 04:30:00,0.103
2012-02-15 05:00:00,0.119
2012-02-15 05:30:00,0.184
2012-02-15 06:00:00,0.125
2012-02-15 06:30:00,0.173
2012-02-15 07:00:00,0.257
2012-02-15 07:30:00,0.488
2012-02-15 08:00:00,0.434
2012-02-15 08:30:00,0.201
2012-02-15 09:00:00,0.051
2012-02-15 09:30:00,0.108
2012-02-15 10:00:00,0.103
2012-02-15 10:30:00,0.051
2012-02-15 11:00:00,0.142
2012-02-15 11:30:00,0.127
2012-02-15 12:00:00,0.042
2012-02-15 12:30:00,0.105
2012-02-15 13:00:00,0.112
2012-02-15 13:30:00,0.042
2012-02-15 14:00:00,0.129
2012-02-15 14:30:00,0.14
2012-02-15 15:00:00,0.041
2012-02-15 15:30:00,0.104
2012-02-15 16:00:00,0.153
2012-02-15 16:30:00,0.091
2012-02-15 17:00:00,0.229
2012-02-15 17:30:00,0.308
2012-02-15 18:00:00,0.607
2012-02-15 18:30:00,0.606
2012-02-15 19:00:00,0.775
2012-02-15 19:30:00,0.867
2012-02-15 20:00:00,1.259
2012-02-15 20:30:00,0.894
2012-02-15 21:00:00,0.732
2012-02-15 21:30:00,0.649
2012-02-15 22:00:00,0.513
2012-02-15 22:30:00,0.439
2012-02-15 23:00:00,0.519
2012-02-15 23:30:00,1.237
2012-02-16 00:00:00,1.685
2012-02-16 00:30:00,0.31
2012-02-16 01:00:00,0.189
2012-02-16 01:30:00,0.271
2012-02-16 02:00:00,0.164
2012-02-16 02:30:00,0.108
2012-02-16 03:00:00,0.145
2012-02-16 03:30:00,0.181
2012-02-16 04:00:00,0.105
2012-02-16 04:30:00,0.113
2012-02-16 05:00:00,0.15
2012-02-16 05:30:00,0.138
2012-02-16 06:00:00,0.198
2012-02-16 06:30:00,0.204
2012-02-16 07:00:00,0.219
2012-02-16 07:30:00,0.699
2012-02-16 08:00:00,2.239
2012-02-16 08:30:00,1.384
2012-02-16 09:00:00,0.291
2012-02-16 09:30:00,0.169
2012-02-16 10:00:00,0.108
2012-02-16 10:30:00,0.147
2012-02-16 11:00:00,0.484
2012-02-16 11:30:00,1.879
2012-02-16 12:00:00,0.718
2012-02-16 12:30:00,1.473
2012-02-16 13:00:00,1.202
2012-02-16 13:30:00,0.829
2012-02-16 14:00:00,0.543
2012-02-16 14:30:00,0.34
2012-02-16 15:00:00,0.448
2012-02-16 15:30:00,1.181
2012-02-16 16:00:00,0.472
2012-02-16 16:30:00,0.393
2012-02-16 17:00:00,1.324
2012-02-16 17:30:00,2.436
2012-02-16 18:00:00,2.768
2012-02-16 18:30:00,1.326
2012-02-16 19:00:00,1.608
2012-02-16 19:30:00,1.4
2012-02-16 20:00:00,2.349
2012-02-16 20:30:00,0.995
2012-02-16 21:00:00,0.912
2012-02-16 21:30:00,1.3
2012-02-16 22:00:00,1.266
2012-02-16 22:30:00,0.836
2012-02-16 23:00:00,0.467
2012-02-16 23:30:00,0.373
2012-02-17 00:00:00,0.387
2012-02-17 00:30:00,0.357
2012-02-17 01:00:00,0.223
2012-02-17 01:30:00,0.279
2012-02-17 02:00:00,0.215
2012-02-17 02:30:00,0.15
2012-02-17 03:00:00,0.147
2012-02-17 03:30:00,0.12
2012-02-17 04:00:00,0.089
2012-02-17 04:30:00,0.165
2012-02-17 05:00:00,0.118
2012-02-17 05:30:00,0.11
2012-02-17 06:00:00,0.181
2012-02-17 06:30:00,0.163
2012-02-17 07:00:00,0.169
2012-02-17 07:30:00,0.356
2012-02-17 08:00:00,0.546
2012-02-17 08:30:00,0.179
2012-02-17 09:00:00,0.149
2012-02-17 09:30:00,0.127
2012-02-17 10:00:00,0.081
2012-02-17 10:30:00,0.176
2012-02-17 11:00:00,0.153
2012-02-17 11:30:00,0.071
2012-02-17 12:00:00,0.131
2012-02-17 12:30:00,0.148
2012-02-17 13:00:00,0.214
2012-02-17 13:30:00,0.304
2012-02-17 14:00:00,1.449
2012-02-17 14:30:00,0.761
2012-02-17 15:00:00,0.252
2012-02-17 15:30:00,1.675
2012-02-17 16:00:00,1.272
2012-02-17 16:30:00,0.918
2012-02-17 17:00:00,0.809
2012-02-17 17:30:00,0.44
2012-02-17 18:00:00,0.381
2012-02-17 18:30:00,0.48
2012-02-17 19:00:00,1.341
2012-02-17 19:30:00,1.082
2012-02-17 20:00:00,0.592
2012-02-17 20:30:00,0.784
2012-02-17 21:00:00,0.582
2012-02-17 21:30:00,0.603
2012-02-17 22:00:00,0.486
2012-02-17 22:30:00,0.677
2012-02-17 23:00:00,0.467
2012-02-17 23:30:00,0.451
2012-02-18 00:00:00,0.413
2012-02-18 00:30:00,0.212
2012-02-18 01:00:00,0.234
2012-02-18 01:30:00,0.204
2012-02-18 02:00:00,0.109
2012-02-18 02:30:00,0.186
2012-02-18 03:00:00,0.197
2012-02-18 03:30:00,0.168
2012-02-18 04:00:00,0.172
2012-02-18 04:30:00,0.241
2012-02-18 05:00:00,0.167
2012-02-18 05:30:00,0.159
2012-02-18 06:00:00,0.205
2012-02-18 06:30:00,0.197
2012-02-18 07:00:00,0.147
2012-02-18 07:30:00,0.209
2012-02-18 08:00:00,0.417
2012-02-18 08:30:00,0.477
2012-02-18 09:00:00,0.312
2012-02-18 09:30:00,0.229
2012-02-18 10:00:00,1.16
2012-02-18 10:30:00,0.869
2012-02-18 11:00:00,0.514
2012-02-18 11:30:00,0.933
2012-02-18 12:00:00,0.847
2012-02-18 12:30:00,0.439
2012-02-18 13:00:00,0.285
2012-02-18 13:30:00,0.441
2012-02-18 14:00:00,0.324
2012-02-18 14:30:00,0.303
2012-02-18 15:00:00,0.197
2012-02-18 15:30:00,0.213
2012-02-18 16:00:00,0.337
2012-02-18 16:30:00,1.111
2012-02-18 17:00:00,0.745
2012-02-18 17:30:00,0.663
2012-02-18 18:00:00,0.779
2012-02-18 18:30:00,0.772
2012-02-18 19:00:00,1.261
2012-02-18 19:30:00,1.085
2012-02-18 20:00:00,0.739
2012-02-18 20:30:00,0.614
2012-02-18 21:00:00,0.317
2012-02-18 21:30:00,0.222
2012-02-18 22:00:00,0.154
2012-02-18 22:30:00,0.156
2012-02-18 23:00:00,0.29
2012-02-18 23:30:00,0.238
2012-02-19 00:00:00,0.249
2012-02-19 00:30:00,0.504
2012-02-19 01:00:00,0.145
2012-02-19 01:30:00,0.109
2012-02-19 02:00:00,0.167
2012-02-19 02:30:00,0.111
2012-02-19 03:00:00,0.082
2012-02-19 03:30:00,0.231
2012-02-19 04:00:00,0.167
2012-02-19 04:30:00,0.116
2012-02-19 05:00:00,0.182
2012-02-19 05:30:00,0.168
2012-02-19 06:00:00,0.139
2012-02-19 06:30:00,0.22
2012-02-19 07:00:00,0.224
2012-02-19 07:30:00,0.157
2012-02-19 08:00:00,0.21
2012-02-19 08:30:00,0.255
2012-02-19 09:00:00,0.223
2012-02-19 09:30:00,0.202
2012-02-19 10:00:00,0.256
2012-02-19 10:30:00,0.369
2012-02-19 11:00:00,0.294
2012-02-19 11:30:00,0.799
2012-02-19 12:00:00,0.976
2012-02-19 12:30:00,0.881
2012-02-19 13:00:00,0.915
2012-02-19 13:30:00,0.912
2012-02-19 14:00:00,1.921
2012-02-19 14:30:00,0.912
2012-02-19 15:00:00,0.273
2012-02-19 15:30:00,1.105
2012-02-19 16:00:00,0.493
2012-02-19 16:30:00,0.403
2012-02-19 17:00:00,0.444
2012-02-19 17:30:00,0.389
2012-02-19 18:00:00,0.318
2012-02-19 18:30:00,0.206
2012-02-19 19:00:00,0.257
2012-02-19 19:30:00,0.424
2012-02-19 20:00:00,0.389
2012-02-19 20:30:00,0.506
2012-02-19 21:00:00,0.488
2012-02-19 21:30:00,0.421
2012-02-19 22:00:00,0.54
2012-02-19 22:30:00,0.637
2012-02-19 23:00:00,0.476
2012-02-19 23:30:00,1.027
2012-02-20 00:00:00,0.9
2012-02-20 00:30:00,0.252
2012-02-20 01:00:00,0.271
2012-02-20 01:30:00,0.318
2012-02-20 02:00:00,0.236
2012-02-20 02:30:00,0.16
2012-02-20 03:00:00,0.169
2012-02-20 03:30:00,0.107
2012-02-20 04:00:00,0.127
2012-02-20 04:30:00,0.174
2012-02-20 05:00:00,0.119
2012-02-20 05:30:00,0.217
2012-02-20 06:00:00,0.212
2012-02-20 06:30:00,0.138
2012-02-20 07:00:00,0.288
2012-02-20 07:30:00,0.588
2012-02-20 08:00:00,0.364
2012-02-20 08:30:00,0.206
2012-02-20 09:00:00,0.146
2012-02-20 09:30:00,0.076
2012-02-20 10:00:00,0.121
2012-02-20 10:30:00,0.14
2012-02-20 11:00:00,0.178
2012-02-20 11:30:00,0.282
2012-02-20 12:00:00,0.277
2012-02-20 12:30:00,0.236
2012-02-20 13:00:00,0.242
2012-02-20 13:30:00,0.252
2012-02-20 14:00:00,0.199
2012-02-20 14:30:00,0.256
2012-02-20 15:00:00,0.193
2012-02-20 15:30:00,0.099
2012-02-20 16:00:00,0.122
2012-02-20 16:30:00,0.21
2012-02-20 17:00:00,0.749
2012-02-20 17:30:00,0.748
2012-02-20 18:00:00,0.881
2012-02-20 18:30:00,1.422
2012-02-20 19:00:00,1.618
2012-02-20 19:30:00,0.833
2012-02-20 20:00:00,1.085
2012-02-20 20:30:00,0.484
2012-02-20 21:00:00,0.66
2012-02-20 21:30:00,0.734
2012-02-20 22:00:00,0.564
2012-02-20 22:30:00,0.334
2012-02-20 23:00:00,0.408
2012-02-20 23:30:00,0.527
2012-02-21 00:00:00,0.356
2012-02-21 00:30:00,0.352
2012-02-21 01:00:00,0.265
2012-02-21 01:30:00,0.141
2012-02-21 02:00:00,0.201
2012-02-21 02:30:00,0.183
2012-02-21 03:00:00,0.077
2012-02-21 03:30:00,0.164
2012-02-21 04:00:00,0.189
2012-02-21 04:30:00,0.071
2012-02-21 05:00:00,0.115
2012-02-21 05:30:00,0.186
2012-02-21 06:00:00,0.12
2012-02-21 06:30:00,0.18
2012-02-21 07:00:00,0.34
2012-02-21 07:30:00,0.615
2012-02-21 08:00:00,0.556
2012-02-21 08:30:00,0.439
2012-02-21 09:00:00,0.154
2012-02-21 09:30:00,0.088
2012-02-21 10:00:00,0.125
2012-02-21 10:30:00,0.058
2012-02-21 11:00:00,0.085
2012-02-21 11:30:00,0.161
2012-02-21 12:00:00,0.068
2012-02-21 12:30:00,0.07
2012-02-21 13:00:00,0.118
2012-02-21 13:30:00,0.065
2012-02-21 14:00:00,0.081
2012-02-21 14:30:00,0.153
2012-02-21 15:00:00,0.096
2012-02-21 15:30:00,0.255
2012-02-21 16:00:00,0.441
2012-02-21 16:30:00,0.207
2012-02-21 17:00:00,0.497
2012-02-21 17:30:00,0.676
2012-02-21 18:00:00,1.496
2012-02-21 18:30:00,0.848
2012-02-21 19:00:00,0.793
2012-02-21 19:30:00,1.396
2012-02-21 20:00:00,0.573
2012-02-21 20:30:00,0.595
2012-02-21 21:00:00,0.719
2012-02-21 21:30:00,0.736
2012-02-21 22:00:00,0.96
2012-02-21 22:30:00,0.607
2012-02-21 23:00:00,0.413
2012-02-21 23:30:00,0.298
2012-02-22 00:00:00,0.183
2012-02-22 00:30:00,0.098
2012-02-22 01:00:00,0.112
2012-02-22 01:30:00,0.151
2012-02-22 02:00:00,0.083
2012-02-22 02:30:00,0.111
2012-02-22 03:00:00,0.186
2012-02-22 03:30:00,0.102
2012-02-22 04:00:00,0.102
2012-02-22 04:30:00,0.146
2012-02-22 05:00:00,0.093
2012-02-22 05:30:00,0.152
2012-02-22 06:00:00,0.232
2012-02-22 06:30:00,0.161
2012-02-22 07:00:00,0.189
2012-02-22 07:30:00,0.503
2012-02-22 08:00:00,0.645
2012-02-22 08:30:00,0.795
2012-02-22 09:00:00,0.527
2012-02-22 09:30:00,0.098
2012-02-22 10:00:00,0.049
2012-02-22 10:30:00,0.12
2012-02-22 11:00:00,0.101
2012-02-22 11:30:00,0.065
2012-02-22 12:00:00,0.142
2012-02-22 12:30:00,0.117
2012-02-22 13:00:00,0.049
2012-02-22 13:30:00,0.1
2012-02-22 14:00:00,0.111
2012-02-22 14:30:00,0.062
2012-02-22 15:00:00,0.131
2012-02-22 15:30:00,0.125
2012-02-22 16:00:00,0.097
2012-02-22 16:30:00,0.138
2012-02-22 17:00:00,0.59
2012-02-22 17:30:00,0.654
2012-02-22 18:00:00,0.867
2012-02-22 18:30:00,0.754
2012-02-22 19:00:00,0.677
2012-02-22 19:30:00,0.66
2012-02-22 20:00:00,0.593
2012-02-22 20:30:00,0.663
2012-02-22 21:00:00,0.739
2012-02-22 21:30:00,0.835
2012-02-22 22:00:00,0.84
2012-02-22 22:30:00,0.443
2012-02-22 23:00:00,0.517
2012-02-22 23:30:00,0.502
2012-02-23 00:00:00,0.398
2012-02-23 00:30:00,0.279
2012-02-23 01:00:00,0.223
2012-02-23 01:30:00,0.109
2012-02-23 02:00:00,0.134
2012-02-23 02:30:00,0.181
2012-02-23 03:00:00,0.081
2012-02-23 03:30:00,0.111
2012-02-23 04:00:00,0.149
2012-02-23 04:30:00,0.075
2012-02-23 05:00:00,0.111
2012-02-23 05:30:00,0.237
2012-02-23 06:00:00,0.142
2012-02-23 06:30:00,0.14
2012-02-23 07:00:00,0.268
2012-02-23 07:30:00,0.53
2012-02-23 08:00:00,0.375
2012-02-23 08:30:00,1.121
2012-02-23 09:00:00,0.362
2012-02-23 09:30:00,0.07
2012-02-23 10:00:00,0.157
2012-02-23 10:30:00,0.797
2012-02-23 11:00:00,0.331
2012-02-23 11:30:00,0.84
2012-02-23 12:00:00,2.182
2012-02-23 12:30:00,0.598
2012-02-23 13:00:00,0.857
2012-02-23 13:30:00,1.384
2012-02-23 14:00:00,0.785
2012-02-23 14:30:00,0.178
2012-02-23 15:00:00,0.176
2012-02-23 15:30:00,0.439
2012-02-23 16:00:00,0.903
2012-02-23 16:30:00,1.837
2012-02-23 17:00:00,1.83
2012-02-23 17:30:00,2.02
2012-02-23 18:00:00,0.966
2012-02-23 18:30:00,0.904
2012-02-23 19:00:00,0.875
2012-02-23 19:30:00,0.527
2012-02-23 20:00:00,0.171
2012-02-23 20:30:00,0.194
2012-02-23 21:00:00,0.186
2012-02-23 21:30:00,0.201
2012-02-23 22:00:00,0.142
2012-02-23 22:30:00,0.362
2012-02-23 23:00:00,0.531
2012-02-23 23:30:00,0.347
2012-02-24 00:00:00,0.105
2012-02-24 00:30:00,0.14
2012-02-24 01:00:00,0.145
2012-02-24 01:30:00,0.097
2012-02-24 02:00:00,0.102
2012-02-24 02:30:00,0.189
2012-02-24 03:00:00,0.136
2012-02-24 03:30:00,0.079
2012-02-24 04:00:00,0.157
2012-02-24 04:30:00,0.119
2012-02-24 05:00:00,0.076
2012-02-24 05:30:00,0.222
2012-02-24 06:00:00,0.212
2012-02-24 06:30:00,0.12
2012-02-24 07:00:00,0.234
2012-02-24 07:30:00,0.627
2012-02-24 08:00:00,0.453
2012-02-24 08:30:00,1.863
2012-02-24 09:00:00,0.294
2012-02-24 09:30:00,0.122
2012-02-24 10:00:00,0.087
2012-02-24 10:30:00,0.142
2012-02-24 11:00:00,0.486
2012-02-24 11:30:00,0.357
2012-02-24 12:00:00,0.181
2012-02-24 12:30:00,0.165
2012-02-24 13:00:00,0.107
2012-02-24 13:30:00,0.422
2012-02-24 14:00:00,0.703
2012-02-24 14:30:00,0.239
2012-02-24 15:00:00,0.524
2012-02-24 15:30:00,0.576
2012-02-24 16:00:00,1.238
2012-02-24 16:30:00,0.57
2012-02-24 17:00:00,0.547
2012-02-24 17:30:00,1.329
2012-02-24 18:00:00,1.289
2012-02-24 18:30:00,1.074
2012-02-24 19:00:00,0.896
2012-02-24 19:30:00,0.928
2012-02-24 20:00:00,0.906
2012-02-24 20:30:00,1.198
2012-02-24 21:00:00,1.456
2012-02-24 21:30:00,0.875
2012-02-24 22:00:00,0.95
2012-02-24 22:30:00,0.465
2012-02-24 23:00:00,0.445
2012-02-24 23:30:00,0.18
2012-02-25 00:00:00,0.145
2012-02-25 00:30:00,0.132
2012-02-25 01:00:00,0.206
2012-02-25 01:30:00,0.268
2012-02-25 02:00:00,0.13
2012-02-25 02:30:00,0.173
2012-02-25 03:00:00,0.139
2012-02-25 03:30:00,0.096
2012-02-25 04:00:00,0.162
2012-02-25 04:30:00,0.189
2012-02-25 05:00:00,0.116
2012-02-25 05:30:00,0.189
2012-02-25 06:00:00,0.208
2012-02-25 06:30:00,0.141
2012-02-25 07:00:00,0.172
2012-02-25 07:30:00,0.241
2012-02-25 08:00:00,0.331
2012-02-25 08:30:00,0.558
2012-02-25 09:00:00,0.961
2012-02-25 09:30:00,0.248
2012-02-25 10:00:00,0.893
2012-02-25 10:30:00,1.029
2012-02-25 11:00:00,0.499
2012-02-25 11:30:00,1.503
2012-02-25 12:00:00,0.285
2012-02-25 12:30:00,0.168
2012-02-25 13:00:00,0.132
2012-02-25 13:30:00,0.941
2012-02-25 14:00:00,0.241
2012-02-25 14:30:00,0.192
2012-02-25 15:00:00,0.262
2012-02-25 15:30:00,0.241
2012-02-25 16:00:00,0.268
2012-02-25 16:30:00,0.313
2012-02-25 17:00:00,0.476
2012-02-25 17:30:00,0.287
2012-02-25 18:00:00,0.391
2012-02-25 18:30:00,0.502
2012-02-25 19:00:00,0.338
2012-02-25 19:30:00,0.383
2012-02-25 20:00:00,0.396
2012-02-25 20:30:00,0.338
2012-02-25 21:00:00,0.394
2012-02-25 21:30:00,0.39
2012-02-25 22:00:00,0.388
2012-02-25 22:30:00,0.465
2012-02-25 23:00:00,0.547
2012-02-25 23:30:00,0.637
2012-02-26 00:00:00,0.287
2012-02-26 00:30:00,0.194
2012-02-26 01:00:00,0.118
2012-02-26 01:30:00,0.299
2012-02-26 02:00:00,0.209
2012-02-26 02:30:00,0.123
2012-02-26 03:00:00,0.112
2012-02-26 03:30:00,0.164
2012-02-26 04:00:00,0.086
2012-02-26 04:30:00,0.115
2012-02-26 05:00:00,0.179
2012-02-26 05:30:00,0.172
2012-02-26 06:00:00,0.157
2012-02-26 06:30:00,0.197
2012-02-26 07:00:00,0.146
2012-02-26 07:30:00,0.158
2012-02-26 08:00:00,0.431
2012-02-26 08:30:00,0.218
2012-02-26 09:00:00,0.447
2012-02-26 09:30:00,0.94
2012-02-26 10:00:00,1.027
2012-02-26 10:30:00,0.914
2012-02-26 11:00:00,0.446
2012-02-26 11:30:00,1.304
2012-02-26 12:00:00,0.9
2012-02-26 12:30:00,0.791
2012-02-26 13:00:00,1.143
2012-02-26 13:30:00,1.045
2012-02-26 14:00:00,1.287
2012-02-26 14:30:00,0.458
2012-02-26 15:00:00,0.835
2012-02-26 15:30:00,0.805
2012-02-26 16:00:00,0.308
2012-02-26 16:30:00,0.679
2012-02-26 17:00:00,0.866
2012-02-26 17:30:00,0.528
2012-02-26 18:00:00,0.308
2012-02-26 18:30:00,0.387
2012-02-26 19:00:00,0.426
2012-02-26 19:30:00,0.372
2012-02-26 20:00:00,0.413
2012-02-26 20:30:00,0.475
2012-02-26 21:00:00,0.457
2012-02-26 21:30:00,0.556
2012-02-26 22:00:00,0.556
2012-02-26 22:30:00,0.395
2012-02-26 23:00:00,0.392
2012-02-26 23:30:00,0.453
2012-02-27 00:00:00,0.429
2012-02-27 00:30:00,0.167
2012-02-27 01:00:00,0.246
2012-02-27 01:30:00,0.21
2012-02-27 02:00:00,0.082
2012-02-27 02:30:00,0.179
2012-02-27 03:00:00,0.166
2012-02-27 03:30:00,0.088
2012-02-27 04:00:00,0.142
2012-02-27 04:30:00,0.139
2012-02-27 05:00:00,0.087
2012-02-27 05:30:00,0.205
2012-02-27 06:00:00,0.228
2012-02-27 06:30:00,0.133
2012-02-27 07:00:00,0.256
2012-02-27 07:30:00,0.525
2012-02-27 08:00:00,0.357
2012-02-27 08:30:00,0.211
2012-02-27 09:00:00,0.182
2012-02-27 09:30:00,0.126
2012-02-27 10:00:00,0.175
2012-02-27 10:30:00,0.204
2012-02-27 11:00:00,0.153
2012-02-27 11:30:00,0.204
2012-02-27 12:00:00,0.222
2012-02-27 12:30:00,0.174
2012-02-27 13:00:00,0.15
2012-02-27 13:30:00,0.465
2012-02-27 14:00:00,0.675
2012-02-27 14:30:00,0.189
2012-02-27 15:00:00,1.05
2012-02-27 15:30:00,0.21
2012-02-27 16:00:00,0.212
2012-02-27 16:30:00,0.32
2012-02-27 17:00:00,0.314
2012-02-27 17:30:00,0.281
2012-02-27 18:00:00,0.811
2012-02-27 18:30:00,0.659
2012-02-27 19:00:00,0.659
2012-02-27 19:30:00,1.182
2012-02-27 20:00:00,0.962
2012-02-27 20:30:00,0.512
2012-02-27 21:00:00,0.471
2012-02-27 21:30:00,0.432
2012-02-27 22:00:00,0.377
2012-02-27 22:30:00,0.292
2012-02-27 23:00:00,0.494
2012-02-27 23:30:00,0.432
2012-02-28 00:00:00,0.3
2012-02-28 00:30:00,0.65
2012-02-28 01:00:00,0.386
2012-02-28 01:30:00,0.292
2012-02-28 02:00:00,0.208
2012-02-28 02:30:00,0.164
2012-02-28 03:00:00,0.103
2012-02-28 03:30:00,0.104
2012-02-28 04:00:00,0.163
2012-02-28 04:30:00,0.116
2012-02-28 05:00:00,0.129
2012-02-28 05:30:00,0.226
2012-02-28 06:00:00,0.158
2012-02-28 06:30:00,0.138
2012-02-28 07:00:00,0.383
2012-02-28 07:30:00,0.543
2012-02-28 08:00:00,0.601
2012-02-28 08:30:00,0.349
2012-02-28 09:00:00,0.126
2012-02-28 09:30:00,0.084
2012-02-28 10:00:00,0.143
2012-02-28 10:30:00,0.086
2012-02-28 11:00:00,0.093
2012-02-28 11:30:00,0.186
2012-02-28 12:00:00,0.092
2012-02-28 12:30:00,0.061
2012-02-28 13:00:00,0.135
2012-02-28 13:30:00,0.095
2012-02-28 14:00:00,0.088
2012-02-28 14:30:00,0.161
2012-02-28 15:00:00,0.216
2012-02-28 15:30:00,0.226
2012-02-28 16:00:00,0.183
2012-02-28 16:30:00,0.162
2012-02-28 17:00:00,1.512
2012-02-28 17:30:00,1.426
2012-02-28 18:00:00,0.651
2012-02-28 18:30:00,0.631
2012-02-28 19:00:00,0.817
2012-02-28 19:30:00,1.133
2012-02-28 20:00:00,1.069
2012-02-28 20:30:00,0.538
2012-02-28 21:00:00,0.423
2012-02-28 21:30:00,0.665
2012-02-28 22:00:00,0.625
2012-02-28 22:30:00,0.45
2012-02-28 23:00:00,0.521
2012-02-28 23:30:00,0.493
2012-02-29 00:00:00,0.349
2012-02-29 00:30:00,0.149
2012-02-29 01:00:00,0.211
2012-02-29 01:30:00,0.204
2012-02-29 02:00:00,0.138
2012-02-29 02:30:00,0.234
2012-02-29 03:00:00,0.238
2012-02-29 03:30:00,0.129
2012-02-29 04:00:00,0.18
2012-02-29 04:30:00,0.22
2012-02-29 05:00:00,0.138
2012-02-29 05:30:00,0.232
2012-02-29 06:00:00,0.267
2012-02-29 06:30:00,0.175
2012-02-29 07:00:00,0.238
2012-02-29 07:30:00,0.613
2012-02-29 08:00:00,0.468
2012-02-29 08:30:00,0.135
2012-02-29 09:00:00,0.125
2012-02-29 09:30:00,0.111
2012-02-29 10:00:00,0.057
2012-02-29 10:30:00,0.094
2012-02-29 11:00:00,0.128
2012-02-29 11:30:00,0.091
2012-02-29 12:00:00,0.095
2012-02-29 12:30:00,0.119
2012-02-29 13:00:00,0.06
2012-02-29 13:30:00,0.072
2012-02-29 14:00:00,0.134
2012-02-29 14:30:00,0.103
2012-02-29 15:00:00,0.074
2012-02-29 15:30:00,0.128
2012-02-29 16:00:00,0.12
2012-02-29 16:30:00,0.099
2012-02-29 17:00:00,0.593
2012-02-29 17:30:00,0.487
2012-02-29 18:00:00,0.357
2012-02-29 18:30:00,0.349
2012-02-29 19:00:00,0.706
2012-02-29 19:30:00,1.117
2012-02-29 20:00:00,1.211
2012-02-29 20:30:00,0.549
2012-02-29 21:00:00,0.407
2012-02-29 21:30:00,0.557
2012-02-29 22:00:00,0.316
2012-02-29 22:30:00,0.386
2012-02-29 23:00:00,0.37
2012-02-29 23:30:00,1.228
