value,value_diff,value_rolling_mean_3,value_volatility_3,value_ewm_3,value_rolling_mean_6,value_volatility_6,value_ewm_6,value_rolling_mean_12,value_volatility_12,value_ewm_12,value_rolling_mean_24,value_volatility_24,value_ewm_24,drift_flag,time_since_last_spike
0.5834,0.0,0.4707666666666667,0.0,0.5834,0.41183333333333333,0.0,0.5834,0.36851666666666666,0.0,0.5834,0.2921458333333333,0.0,0.5834,0,1
0.5681,-0.01529999999999998,0.4707666666666667,0.0,0.57575,0.41183333333333333,0.0,0.5790285714285714,0.36851666666666666,0.0,0.5810461538461539,0.2921458333333333,0.0,0.5821760000000001,1,0
0.2608,-0.3073000000000001,0.4707666666666667,0.18199731683003828,0.41827499999999995,0.41183333333333333,0.0,0.4881061224489796,0.36851666666666666,0.0,0.5317775147928994,0.2921458333333333,0.0,0.5564659200000002,1,0
0.63,0.36920000000000003,0.48629999999999995,0.1977260478540953,0.5241374999999999,0.41183333333333333,0.0,0.5286472303206997,0.36851666666666666,0.0,0.5468886663632225,0.2921458333333333,0.0,0.5623486464000002,1,0
0.159,-0.471,0.34993333333333326,0.24782819317691304,0.34156875,0.41183333333333333,0.0,0.42303373594335697,0.36851666666666666,0.0,0.48721348692272676,0.2921458333333333,0.0,0.5300807546880001,1,0
0.2697,0.11069999999999999,0.3529,0.24627612551767983,0.305634375,0.41183333333333333,0.2041512837742312,0.3792240971023978,0.36851666666666666,0.0,0.45374987354999957,0.2921458333333333,0.0,0.5092502943129601,0,1
0.42,0.1503,0.28289999999999993,0.130999732824155,0.3628171875,0.3846,0.18685308667506673,0.3908743550731413,0.36851666666666666,0.0,0.4485575853115381,0.2921458333333333,0.0,0.5021102707679233,0,2
0.2038,-0.21619999999999998,0.2978333333333333,0.11081165702819051,0.28330859375,0.32388333333333336,0.1740503882979485,0.337424539337958,0.36851666666666666,0.0,0.41090257218668613,0.2921458333333333,0.0,0.4782454491064894,0,3
0.3544,0.15059999999999998,0.3260666666666666,0.11084986844075782,0.318854296875,0.3394833333333333,0.17144053682448224,0.3422746709556843,0.36851666666666666,0.0,0.40220986877334985,0.2921458333333333,0.0,0.4683378131779703,0,4
0.3335,-0.020899999999999974,0.2972333333333333,0.08158764203807661,0.3261771484375,0.29006666666666664,0.09792151278787846,0.33976762211120304,0.36851666666666666,0.0,0.39163911973129606,0.2921458333333333,0.0,0.4575507881237327,0,5
0.2518,-0.0817,0.3132333333333333,0.05421939997208862,0.28898857421875,0.3055333333333333,0.0784776061476562,0.31463401579371647,0.36851666666666666,0.0,0.37012540900340435,0.2921458333333333,0.0,0.44109072507383407,0,6
0.3877,0.13589999999999997,0.3243333333333333,0.06841215778889978,0.33834428710937503,0.3252,0.08238973236999851,0.33551001128122604,0.36851666666666666,0.15516708784892222,0.37282919223364985,0.2921458333333333,0.0,0.43681946706792735,0,7
0.2126,-0.17509999999999998,0.2840333333333333,0.09189256408074228,0.2754721435546875,0.29063333333333335,0.07805502332756456,0.30039286520087577,0.3376166666666667,0.1450775706825542,0.3481785472746268,0.2921458333333333,0.0,0.4188819097024932,1,0
0.2669,0.054300000000000015,0.28906666666666664,0.08962992431846255,0.2711860717773438,0.30115,0.06756119448322373,0.2908234751434827,0.31251666666666666,0.12643384064642682,0.3356741553862227,0.2921458333333333,0.0,0.40672335692629374,0,1
0.3914,0.1245,0.2903,0.09166804241391868,0.33129303588867187,0.3073166666666667,0.07470462948617473,0.31955962510248764,0.32339999999999997,0.12719608341597483,0.34424736224988073,0.2921458333333333,0.0,0.40549748837219024,0,2
0.3277,-0.06370000000000003,0.32866666666666666,0.06225562892890341,0.32949651794433593,0.30635,0.07433466889682082,0.32188544650177686,0.29820833333333335,0.08332126715674726,0.3417016142114376,0.2921458333333333,0.0,0.3992736893024151,0,3
0.3193,-0.008400000000000019,0.34613333333333324,0.03942642937590611,0.32439825897216795,0.3176,0.06936979169638599,0.32114674750126915,0.3115666666666667,0.07089770265970703,0.3382552120250626,0.2921458333333333,0.0,0.3928757941582219,0,4
0.05,-0.2693,0.2323333333333333,0.15796114501146583,0.18719912948608397,0.2613166666666667,0.11979124202823281,0.24367624821519226,0.29325833333333334,0.10354326683112039,0.29390825632889916,0.2921458333333333,0.0,0.3654457306255641,1,0
0.2737,0.2237,0.21433333333333326,0.1441316180903182,0.23044956474304198,0.2715,0.11739466768128774,0.25225446301085164,0.28106666666666663,0.09556945435682154,0.29079929381676084,0.2921458333333333,0.0,0.35810607217551904,0,1
0.0648,-0.2089,0.12949999999999995,0.1250999200639234,0.147624782371521,0.23781666666666668,0.14477836049170695,0.19869604500775118,0.26948333333333335,0.11267805169301306,0.2560301716911053,0.2921458333333333,0.0,0.33464158640147756,0,2
0.05,-0.014799999999999994,0.12949999999999998,0.1250999200639234,0.09881239118576049,0.18091666666666664,0.13933087836752717,0.15621146071982228,0.24411666666666668,0.1253722662773356,0.22433322220016602,0.2921458333333333,0.0,0.31187025948935937,0,3
0.1983,0.1483,0.10436666666666662,0.0816845354601063,0.14855619559288025,0.15935,0.12085658856678021,0.16823675765701593,0.23285,0.12265501879810554,0.22032811109244818,0.2921458333333333,0.0,0.3027846387302106,0,4
0.0838,-0.1145,0.11069999999999997,0.07772341989387774,0.11617809779644012,0.1201,0.09371445993015161,0.1441119697550114,0.21885,0.12968198515108897,0.1993237863089946,0.2921458333333333,0.0,0.28526586763179373,0,5
0.3508,0.267,0.21096666666666664,0.13394992845587247,0.23348904889822006,0.17023333333333332,0.12420980100888439,0.20316569268215098,0.21577499999999997,0.1256903129629617,0.2226278191845339,0.2921458333333333,0.15860859393122612,0.29050859822125025,1,0
0.369,0.018199999999999994,0.26786666666666664,0.15966594293503342,0.30124452444911004,0.18611666666666662,0.14451956845585534,0.25054692334439355,0.22880833333333336,0.13321479892082239,0.24514661623306713,0.2832125,0.14711220891166568,0.29678791036355023,0,1
0.05,-0.319,0.2566,0.17915211413767915,0.17562226222455501,0.18364999999999998,0.14710746751949744,0.19324780238885253,0.21073333333333333,0.1420015962351597,0.21512405988951835,0.261625,0.14139195367918708,0.2770448775344662,1,0
0.1556,0.10559999999999999,0.1915333333333333,0.16250739470354375,0.1656111311122775,0.20125,0.13361807886659646,0.18249128742060897,0.19108333333333336,0.1305842663036424,0.20596651221420784,0.25724166666666665,0.14303970843232938,0.26732928733170896,0,1
0.0784,-0.07719999999999999,0.09466666666666664,0.05464698832811725,0.12200556555613874,0.18126666666666666,0.14279802052783036,0.15275091958614928,0.1703083333333333,0.12664516254863306,0.18634089495048356,0.23425833333333335,0.12352542395118037,0.2522149443451722,0,2
0.2454,0.167,0.15979999999999997,0.08357918401133167,0.18370278277806937,0.20819999999999997,0.13580668613879066,0.17922208541867807,0.16415,0.1203835197117189,0.19542691111194763,0.23785833333333337,0.12249143329998251,0.25166974879755843,0,3
0.4001,0.1547,0.2413,0.16088918546627062,0.2919013913890347,0.21641666666666667,0.14717543839468142,0.24233006101334148,0.193325,0.1320613227048156,0.22691507863318644,0.24329166666666666,0.1267821545413428,0.26354416889375376,0,4
0.3118,-0.08829999999999999,0.3191,0.0776079248530716,0.3018506956945174,0.20688333333333334,0.13680208209916492,0.2621786150095296,0.1965,0.13460289744281137,0.23997429730500391,0.23878333333333335,0.12206113816147778,0.26740463538225345,0,5
0.275,-0.0368,0.3289666666666667,0.06429248271247068,0.2884253478472587,0.2443833333333333,0.11416133174883107,0.2658418678639497,0.21401666666666666,0.12948594050273868,0.24536286695038795,0.24175,0.12203915622526205,0.2680122645516732,0,6
0.5725,0.2975,0.38643333333333335,0.16218558300087382,0.43046267392362936,0.3138666666666667,0.1649087707390564,0.35345847704567834,0.25755833333333333,0.15471117053360683,0.29569165665032826,0.2508375,0.13788390457665592,0.29237128338753937,0,7
0.05,-0.5225,0.29916666666666664,0.2620869766572413,0.24023133696181467,0.3091333333333333,0.1732172932090404,0.2667560550326274,0.2452,0.16542704516712875,0.25789294024258547,0.23902500000000002,0.1425587758267354,0.2729815807165362,1,0
0.587,0.5369999999999999,0.4031666666666667,0.30593722122901834,0.4136156684809073,0.3660666666666666,0.2018517640910445,0.3582543250233053,0.28713333333333335,0.18357649053946928,0.30852479558988,0.25299166666666667,0.15930158414198187,0.29810305425921335,1,0
0.3297,-0.2573,0.3222333333333333,0.26857785339326345,0.3716578342404536,0.35433333333333333,0.20152365287148474,0.3500959464452181,0.285375,0.1830114210295978,0.31178251934528306,0.250575,0.15760000896601167,0.3006308099184763,0,1
0.4081,0.07840000000000003,0.4416,0.13188066575506807,0.3898789171202268,0.3703833333333333,0.20129335226645387,0.36666853317515574,0.28863333333333335,0.18497318396967374,0.32660059329216257,0.25872083333333334,0.16057614468766407,0.3092283451249982,0,2
0.3479,-0.06020000000000003,0.36190000000000005,0.04103218249130787,0.3688894585601134,0.38253333333333334,0.19652829482460457,0.36130609512511125,0.31345833333333334,0.16936704873430863,0.32987742509336837,0.26209583333333336,0.1616034746698298,0.31232207751499835,0,3
0.6645,0.3166,0.47350000000000003,0.16812721374007242,0.5166947292800567,0.39786666666666665,0.2168520478728912,0.44793292508936516,0.3558666666666667,0.18884013601376415,0.38135782123285017,0.27347499999999997,0.17970538752176526,0.3404963113137985,0,4
0.2533,-0.41119999999999995,0.42189999999999994,0.21535635583841028,0.3849973646400283,0.43175,0.1600774031523501,0.39232351792097514,0.3704416666666666,0.17142439870011777,0.3616566179662578,0.270375,0.1793707170371875,0.33352060640869463,1,0
0.4437,0.19039999999999996,0.4538333333333333,0.2057872040077646,0.41434868232001415,0.40786666666666666,0.14194480147813338,0.40700251280069655,0.3869666666666666,0.16779425352243588,0.3742786767406797,0.2755583333333333,0.18261407850071876,0.3423349578959991,0,1
0.5242,0.08050000000000002,0.4070666666666667,0.1391157910998364,0.4692743411600071,0.44028333333333336,0.142730521146203,0.44048750914335466,0.3973083333333334,0.17243737444666854,0.39734349570365207,0.29531666666666667,0.18280168077113956,0.3568841612643192,0,2
0.206,-0.31820000000000004,0.3913,0.1654452477407556,0.33763717058000353,0.4066,0.17257202554295994,0.373491077959539,0.3884916666666667,0.17975628176320654,0.3679060348261671,0.29249583333333334,0.18367003371870952,0.3448134283631737,0,3
0.3116,0.1056,0.3472666666666666,0.16207064303362695,0.32461858529000176,0.40054999999999996,0.17565034301133609,0.35580791282824215,0.3915416666666667,0.177957060491535,0.3592435679298337,0.30277916666666665,0.17716110570096474,0.3421563540941198,0,4
0.4288,0.11720000000000003,0.3154666666666666,0.11145031778031561,0.37670929264500086,0.3612666666666667,0.12339740137728462,0.3766627948773158,0.3795666666666666,0.16929729812231242,0.36994455747909005,0.3185625,0.17040674311137483,0.34908784576659024,0,5
0.3191,-0.10970000000000002,0.35316666666666663,0.06560764691202796,0.3479046463225004,0.37223333333333336,0.11448511984824354,0.3602162820552256,0.4019916666666667,0.136276720204505,0.3621223178669224,0.32359583333333336,0.16847315998122064,0.34668881810526303,0,6
0.3306,0.01150000000000001,0.3595,0.06029038065894092,0.3392523231612502,0.3533833333333333,0.10957018603008158,0.351754487182304,0.380625,0.12419744635787869,0.35727273050278047,0.33387916666666667,0.16054564833490617,0.34540171265684205,0,7
0.4011,0.07050000000000001,0.35026666666666656,0.04439688427506292,0.3701761615806251,0.33286666666666664,0.07823180086554747,0.36585320513021713,0.38657500000000006,0.12324259243828435,0.3640153873485065,0.33597499999999997,0.1611034942810528,0.3498575756442947,0,8
0.5515,0.15039999999999998,0.4277333333333333,0.11283263416819322,0.4608380807903125,0.39044999999999996,0.09209931052944985,0.41889514652158366,0.398525,0.13214984693693185,0.39285917391027475,0.3435791666666667,0.16693168865597757,0.3659889695927511,0,9
0.4029,-0.1486,0.4518333333333333,0.08631855729409131,0.4318690403951563,0.4056666666666667,0.0836179566042289,0.414325104658274,0.40310833333333335,0.13118466137010018,0.3944039163856171,0.3582833333333333,0.15506849445008,0.36894185202533103,0,10
0.6163,0.21339999999999998,0.5235666666666666,0.10940792171197344,0.5240845201975781,0.4369166666666666,0.12077391136610059,0.4720322176130528,0.3990916666666667,0.12293200233043335,0.4285417754032145,0.37747916666666664,0.15738515752119392,0.3887305038633046,0,11
0.3051,-0.3112,0.4414333333333332,0.15913822084381024,0.414592260098789,0.4345833333333333,0.12360735280179218,0.42433729829503775,0.40340833333333337,0.1181642420788141,0.40955073303348916,0.38692499999999996,0.1449679192397258,0.38204006355424025,1,0
0.267,-0.03809999999999997,0.3961333333333333,0.191619214415813,0.3407961300493945,0.4239833333333333,0.13637548777792405,0.37938378449645555,0.3886833333333333,0.12357278924756944,0.38761985102833696,0.38782500000000003,0.14411563669196498,0.37283685846990106,0,1
0.7439,0.4769,0.4386666666666666,0.26502536356608086,0.5423480650246972,0.4811166666666667,0.1872052821548226,0.4835312746403254,0.40699166666666664,0.15718094644148953,0.44243218163936204,0.40215,0.1614348812046679,0.402521909792309,1,0
0.3563,-0.3876,0.4557333333333333,0.2535224710619028,0.44932403251234865,0.44858333333333333,0.18947504760961725,0.44717948188594675,0.4195166666666666,0.14524394422258474,0.42918107677176787,0.40400416666666666,0.1606054671200224,0.39882415700892426,1,0
0.2583,-0.09800000000000003,0.45283333333333325,0.25678951172766645,0.3538120162561743,0.4244833333333333,0.2050072624729834,0.3932139156328191,0.415075,0.1495939663647142,0.40289168034534206,0.4033083333333333,0.16122367373005278,0.38758222444821033,0,1
0.1937,-0.06459999999999996,0.26943333333333325,0.0818697339273394,0.27375600812808715,0.35405,0.19841475499569078,0.33620993973772795,0.39548333333333335,0.1624736109108929,0.37070834490759713,0.38752499999999995,0.16247699302014906,0.3720716464923535,0,2
0.6163,0.4226,0.3560999999999999,0.22764296606748033,0.4450280040640435,0.4059166666666667,0.2222971562271247,0.41623567124123423,0.42024999999999996,0.17213613798386432,0.4084916764602745,0.4111208333333334,0.15211899512400234,0.39160991477296525,0,3
0.4038,-0.21249999999999997,0.4045999999999999,0.21130113582278728,0.42441400203202173,0.4287166666666667,0.2119753421194708,0.41268262231516734,0.42635,0.16995355247831676,0.4077698800817708,0.4034875,0.14743399794484313,0.3925851215911281,0,4
0.417,0.01319999999999999,0.4790333333333332,0.11905949493145578,0.4207070010160109,0.37423333333333336,0.14673368620281665,0.4139161587965481,0.42767499999999997,0.1698007127354138,0.4091898985307291,0.407125,0.14660898379852033,0.39453831186383787,0,5
0.4312,0.014200000000000046,0.4173333333333333,0.013703041025018379,0.42595350050800546,0.38671666666666665,0.14808272575377143,0.41885439914039146,0.41765,0.16531757042404496,0.41257606798754,0.40808749999999994,0.14669146655036094,0.3974712469147309,0,6
0.607,0.17579999999999996,0.4850666666666666,0.10583578474851191,0.5164767502540027,0.44483333333333336,0.15582752859063995,0.4726102851002796,0.4346583333333333,0.17393660003959288,0.4424874421433031,0.41888333333333333,0.15152404506177913,0.4142335471615524,0,7
0.4281,-0.1789,0.48876666666666657,0.10240480131972986,0.4722883751270014,0.4839,0.09946448612444574,0.45989306078591397,0.41897500000000004,0.16428662937351007,0.4402739895058719,0.4090333333333333,0.14226402174850106,0.41534286338862825,0,8
0.8066,0.3785,0.6138999999999999,0.18934431599601836,0.6394441875635006,0.5156166666666667,0.16126733601900525,0.5589521862756528,0.4607666666666666,0.19381766658070118,0.49663183727419924,0.4320875,0.1596938247492479,0.44664343431753806,1,0
0.4751,-0.33149999999999996,0.5699333333333333,0.20630216512032384,0.5572720937817504,0.5275,0.15383570456821813,0.5349944187683234,0.47810833333333336,0.18396375363509823,0.4933192469243225,0.43339583333333337,0.1599215635979814,0.44891995957213504,1,0
0.6143,0.13919999999999993,0.6319999999999999,0.16645729181985408,0.5857860468908751,0.5603833333333333,0.14639892645325914,0.5576531562630882,0.4673083333333334,0.17023314738821266,0.5119316704744268,0.43715,0.16317042570909404,0.4621503628063643,0,1
0.5758,-0.03849999999999998,0.5550666666666665,0.07187881004394392,0.5807930234454375,0.5844833333333334,0.1320815720176997,0.5628379687593487,0.48560000000000003,0.16900918210666427,0.521757567324515,0.45255833333333334,0.15776441136312602,0.47124233378185515,0,2
0.4496,-0.12619999999999998,0.5465666666666665,0.08615371920778214,0.5151965117227187,0.55825,0.14197541688616416,0.5304842633995348,0.5015416666666667,0.15397349511188496,0.5106564031207435,0.4583083333333333,0.15489225123534633,0.46951094707930674,0,3
0.367,-0.0826,0.4641333333333333,0.10515594768406276,0.44109825586135937,0.5480666666666666,0.15479046051571385,0.4837744738568106,0.5159833333333333,0.12849422932449897,0.48855541802524444,0.4557333333333333,0.15591446279978313,0.4613100713129622,0,4
0.5048,0.13780000000000003,0.44046666666666656,0.06935252939391137,0.47294912793067967,0.4977666666666667,0.08905325747364178,0.489781767040579,0.5066916666666667,0.12455157718306036,0.4910545844828992,0.46347083333333333,0.15342699291779505,0.4647892656079252,0,5
0.5316,0.026799999999999935,0.46779999999999994,0.08831783511839501,0.5022745639653399,0.5071833333333333,0.08916421741184488,0.5017298336004136,0.5173416666666667,0.12034673737567486,0.4972923407162993,0.4718458333333333,0.15133032104915595,0.47013412435929125,0,6
0.3691,-0.16249999999999998,0.4684999999999999,0.08711963039407368,0.4356872819826699,0.46631666666666666,0.08639885223003087,0.4638355954288668,0.51335,0.1246933146855624,0.47757044214456096,0.47051250000000006,0.15211965917172499,0.462051394410548,0,7
0.48,0.1109,0.4602333333333332,0.08303374815900663,0.45784364099133495,0.45035,0.06927457686626481,0.46845399673490484,0.5174166666666666,0.12254787438038849,0.47794422027616695,0.4675333333333333,0.1511617350552962,0.46348728285770413,0,8
0.6405,0.16049999999999998,0.49653333333333327,0.13645330092501737,0.5491718204956675,0.48216666666666663,0.10399758971565988,0.5176099976677891,0.5202083333333333,0.1251285190828963,0.5029528017721413,0.4774333333333334,0.15448860564896802,0.47764830022908783,0,9
0.7655,0.125,0.6286666666666666,0.14311737607059943,0.6573359102478338,0.5485833333333333,0.1375680692118152,0.5884357126198494,0.548325,0.13961834422974112,0.543344678422581,0.48364999999999997,0.16308249446215875,0.5006764362107609,0,10
0.5832,-0.1822999999999999,0.6630666666666666,0.09322158190748212,0.620267955123917,0.5616499999999999,0.13629510262661723,0.5869397947284639,0.5297083333333333,0.11472394898057216,0.5494762663575686,0.4952375,0.15968900703364447,0.5072783213139,0,11
0.7345,0.1513,0.6943999999999999,0.09754142709638852,0.6773839775619586,0.5954666666666667,0.15165387784909035,0.6290998533774742,0.551325,0.12725337020005667,0.577941456148712,0.5147166666666666,0.1591500513370315,0.525456055608788,0,12
0.3607,-0.3738,0.5594666666666667,0.18802676227955795,0.5190419887809793,0.5940666666666666,0.1541792809253786,0.5524141809839102,0.5301916666666666,0.13656175731370043,0.5445196936642948,0.49874999999999997,0.15430611867605773,0.512275571160085,1,0
0.5604,0.1997,0.5518666666666666,0.18704604602432362,0.5397209943904897,0.6074666666666667,0.14553428003967595,0.5546958435599358,0.5289083333333333,0.13616597798497984,0.5469628177159417,0.5072541666666667,0.15171651476174017,0.5161255254672783,0,1
0.6559,0.09550000000000003,0.5256666666666666,0.1506338717995836,0.5978104971952449,0.6100333333333333,0.14636679495933094,0.5836113168285256,0.5461,0.13824988574711683,0.5637223842211815,0.5238208333333333,0.1449050993166599,0.5273074834298961,0,2
0.3207,-0.33520000000000005,0.5123333333333333,0.17269210559065343,0.45925524859762246,0.5358999999999999,0.16351488005683182,0.5084937977346612,0.5422416666666666,0.14421986030384495,0.5263343251102305,0.5291125,0.13425292260603092,0.5107788847555044,1,0
0.3824,0.06170000000000003,0.4529999999999999,0.17840411990758526,0.42082762429881126,0.5024333333333334,0.1722152335499584,0.47246699838190087,0.5320416666666666,0.1512649839810517,0.5041905827855796,0.5193666666666666,0.1361252353905953,0.500508573975064,0,1
0.716,0.33359999999999995,0.47303333333333325,0.21266481451649066,0.5684138121494056,0.49935,0.1673255360069109,0.5420478559870721,0.5474083333333334,0.16031188612617991,0.5367766469724136,0.532375,0.13947722971401358,0.517747888057059,0,2
0.3093,-0.40669999999999995,0.4692333333333332,0.2168092325832398,0.4388569060747028,0.49078333333333335,0.17688642024380136,0.47554846856219435,0.542425,0.16714246033086413,0.5017802397458884,0.5278875,0.14497487132333467,0.5010720570124942,1,0
0.2546,-0.054700000000000026,0.4266333333333332,0.25208693606240956,0.3467284530373514,0.4398166666666667,0.19585428682228695,0.4124203346872817,0.5236416666666667,0.18635625929597277,0.46375251055421324,0.5205291666666667,0.1542788990028652,0.48135429245149475,0,1
0.6854,0.4308,0.4164333333333332,0.2345321371013648,0.5160642265186757,0.44473333333333337,0.2026171924261775,0.4904145247766298,0.5273833333333334,0.18934266595650096,0.4978521243151035,0.5237958333333333,0.156995512201621,0.49767794905537516,1,0
0.6364,-0.049000000000000044,0.5254666666666665,0.23585337252906388,0.5762321132593378,0.49735,0.20494359955851277,0.5321246605547355,0.516625,0.17790530742249056,0.5191671821127799,0.532475,0.15723268896212686,0.5087757131309452,0,1
0.5226,-0.11380000000000001,0.6147999999999999,0.08352173369848151,0.5494160566296689,0.5207166666666666,0.19705707210518159,0.5294033289676682,0.511575,0.17669972539465198,0.519695307941583,0.5206416666666667,0.14599003216916445,0.5098816560804695,0,2
0.4523,-0.07029999999999997,0.5370999999999998,0.09290258338711602,0.5008580283148344,0.4767666666666666,0.17269226579863584,0.5073738064054772,0.4880583333333333,0.16254573878441006,0.5093267990274933,0.5196916666666667,0.14637295104322212,0.505275123594032,0,3
0.3953,-0.056999999999999995,0.4567333333333332,0.06376569087944838,0.4480790141574172,0.4910999999999999,0.15904223338472093,0.4753527188610552,0.49094166666666667,0.16037356650437534,0.4917842145617251,0.5105666666666667,0.1470433407467712,0.4964771137065095,0,4
0.5061,0.11080000000000001,0.4512333333333332,0.0554077010291292,0.47708950707870856,0.5330166666666667,0.1097477729462733,0.48413765632932515,0.48641666666666666,0.1589957394130897,0.4939866430906905,0.5076625,0.14638577031255479,0.49724694460998875,0,5
0.7047,0.1986,0.5353666666666665,0.15676253804188475,0.5908947535393543,0.5362333333333333,0.11525213519352587,0.5471554688066608,0.4904833333333333,0.16426161413668092,0.5264040826151997,0.5182916666666667,0.151169826517316,0.5138431890411896,0,6
0.5088,-0.19589999999999996,0.5731999999999999,0.11389034199615009,0.5498473767696772,0.5149666666666667,0.10432724795884696,0.5361967634333291,0.5061583333333334,0.1553182390409698,0.5236957622128613,0.5242,0.1477316015176055,0.5134397339178944,0,7
0.8054,0.2966,0.6729666666666666,0.15082487637433484,0.6776236883848386,0.5621,0.15835707751786823,0.6131119738809494,0.5414083333333334,0.17180327258145264,0.5670348757185749,0.536725,0.15837468849700007,0.5367965552044629,0,8
0.3555,-0.4499,0.5565666666666667,0.22872197824724533,0.5165618441924192,0.5459666666666666,0.1757558723532923,0.5395085527721067,0.5113666666666666,0.1700079267314178,0.534491048684948,0.5293875,0.1626442592111627,0.5222928307881058,1,0
0.5002,0.1447,0.5537,0.2296719181789538,0.5083809220962097,0.56345,0.1624873995114702,0.5282775376943619,0.527275,0.15787984571128177,0.5292155027334176,0.5348499999999999,0.15919174383223486,0.5205254043250573,0,1
0.4643,-0.03589999999999999,0.43999999999999995,0.07534845718393997,0.4863404610481048,0.5564833333333333,0.16628966794923486,0.5099982412102585,0.5447500000000001,0.13488587431940025,0.5192285023128917,0.5341958333333333,0.1594589724503692,0.5160273719790528,0,2
0.3795,-0.08479999999999999,0.44799999999999995,0.061978948038830355,0.4329202305240524,0.5022833333333333,0.16123916914530015,0.47271302943589893,0.5192583333333333,0.13479392661212566,0.4977318096493699,0.5233208333333333,0.16078835935360258,0.5051051822207286,0,3
0.5474,0.1679,0.46373333333333333,0.08395143437329329,0.4901601152620262,0.5087166666666666,0.1623176320264275,0.49405216388278494,0.5118416666666666,0.13013039934363263,0.505373069703313,0.5142333333333333,0.15245294260900635,0.5084887676430704,0,4
0.6682,0.12080000000000002,0.5317,0.14498893061196103,0.5791800576310131,0.48584999999999995,0.11490143167080216,0.5438086884877036,0.523975,0.137787287479321,0.530423366672034,0.517775,0.15508931297803874,0.5212656662316248,0,5
0.728,0.059799999999999964,0.6478666666666666,0.09200094202416302,0.6535900288155065,0.5479333333333334,0.13002396189420926,0.5964347774912169,0.5469499999999999,0.14739970087548265,0.5608197717994134,0.5175041666666667,0.1546995755570657,0.5378044129330949,0,6
1.0285,0.3005,0.8082333333333332,0.19308563730462558,0.8410450144077533,0.6359833333333332,0.23094596265504813,0.7198819839222977,0.5997166666666667,0.1941120146781856,0.6327705761379652,0.5453291666666668,0.18277840106240018,0.5770600598984473,0,7
0.8371,-0.19140000000000001,0.8645333333333332,0.15211674244912504,0.8390725072038766,0.6981166666666666,0.22560568624630667,0.753372845658784,0.6273,0.2029175605107558,0.6642058721167398,0.5568583333333333,0.19225161030968438,0.5978632551065716,0,8
1.0168,0.17969999999999997,0.9607999999999999,0.10728695167633447,0.9279362536019382,0.8043333333333332,0.1933081650284516,0.8286377468991315,0.6533083333333334,0.2316998821294213,0.7184511225603183,0.5718958333333334,0.2132976823273801,0.6313781946980458,0,9
0.9445,-0.07229999999999992,0.9327999999999999,0.09041952222833363,0.936218126800969,0.8705166666666666,0.1511229885446525,0.8617412477850939,0.6896166666666667,0.24094955652144,0.7532278729356539,0.5978875,0.21928011133767003,0.6564279391222021,0,10
1.2907,0.34619999999999995,1.0839999999999999,0.18262116525748093,1.1134590634004846,0.9742666666666665,0.1924725504238651,0.984300891275067,0.7300583333333334,0.29647821155059984,0.8359158924840149,0.6357333333333334,0.2558112052933243,0.707169703992426,0,11
1.518,0.22730000000000006,1.2510666666666665,0.2887969240371745,1.3157295317002422,1.1059333333333332,0.2514797858012995,1.136786350910762,0.8269333333333333,0.3483511246725146,0.9408519090249357,0.66915,0.31278949304048226,0.7720361276730319,0,12
1.3723,-0.14569999999999994,1.3936666666666666,0.11514652983626383,1.3440147658501211,1.1632333333333331,0.2688739308052522,1.2040759649362585,0.8996083333333332,0.36458242978242983,1.0072285384057147,0.7134416666666666,0.3341506428266291,0.8200572374591893,0,13
1.2929,-0.07940000000000014,1.3944,0.11416571289139424,1.3184573829250605,1.2392,0.217848956848549,1.229454260668756,0.9686583333333333,0.3529220863238106,1.0511779940356047,0.7567041666666666,0.339335657193219,0.8578846584624542,0,14
1.5228,0.2299,1.3960000000000001,0.11676801788161108,1.4206286914625301,1.3235333333333335,0.21240780274431478,1.3132673290491115,1.0639333333333332,0.33318456892493775,1.123735225722435,0.7915958333333332,0.3730613709614324,0.9110778857854579,0,15
1.8236,0.3008000000000002,1.5464333333333335,0.2661381658712888,1.6221143457312652,1.4700499999999999,0.2015852053103136,1.4590766636065082,1.1702833333333333,0.3562040294635368,1.231406729457445,0.8410625,0.4264739207200695,0.9840796549226213,0,16
2.0371,0.21350000000000002,1.7945,0.2583819459637231,1.8296071728656327,1.5944500000000001,0.28274019700071207,1.624226188290363,1.2843583333333333,0.39758596659506595,1.3553595403101455,0.9041666666666667,0.48529489884046806,1.0683212825288115,0,17
2.2691,0.23199999999999976,2.0432666666666663,0.2228140106306908,2.049353586432816,1.7196333333333331,0.38858536084967005,1.8084758487788306,1.4127833333333333,0.4473240026349277,1.4959349956470462,0.9798666666666668,0.5492320311653095,1.1643835799265065,0,18
2.4347,0.16559999999999997,2.246966666666667,0.19972194003998037,2.242026793216408,1.8967,0.43762019606046737,1.9873970348420218,1.5299666666666667,0.51636343672638,1.6403603809321161,1.0648416666666667,0.6093334839889775,1.266008893532386,0,19
2.5697,0.13500000000000023,2.4244999999999997,0.15055935706557788,2.405863396608204,2.1095,0.3934993519689735,2.153769310601444,1.6743500000000002,0.546373649204877,1.78333570694256,1.150825,0.6696715263925069,1.3703041820497952,0,20
2.6737,0.10400000000000009,2.5593666666666666,0.1198346082454207,2.539781698304102,2.3013166666666667,0.3248235361956841,2.3023209361438886,1.8124250000000002,0.5737688608506196,1.920314828951397,1.2328666666666666,0.7304899973523832,1.4745758474858117,0,21
3.0224,0.3487,2.755266666666666,0.23711634978072113,2.781090849152051,2.501116666666667,0.34052294146895434,2.5080578115313488,1.9855833333333333,0.6009279004299526,2.089866393728105,1.3376000000000001,0.7991315650510061,1.5984017796869467,0,22
3.4212,0.3987999999999996,3.0391,0.3740297180706362,3.1011454245760257,2.7318,0.4223108902218863,2.768955579665249,2.1631250000000004,0.6857071732890063,2.294686948539166,1.4465916666666667,0.8959112596373194,1.744225637311991,0,23
3.4589,0.03770000000000007,3.3008333333333333,0.2418660028473053,3.280022712288013,2.9301,0.4405401729695056,2.966082556903749,2.324866666666667,0.7459624525444023,2.47379664876391,1.5759,0.9536820858491398,1.8813995863270319,0,24
3.5258,0.06689999999999996,3.468633333333333,0.05297493117817734,3.4029113561440063,3.11195,0.4198568839497593,3.12600182635982,2.504325,0.7549505632520214,2.635643318184847,1.7019666666666666,1.0039545978244009,2.0129516194208694,0,25
3.7115,0.1857000000000002,3.5654,0.13087325930074212,3.557205678072003,3.3022499999999995,0.38197895622665057,3.293287018828443,2.7058750000000003,0.724362164722742,2.8011597307717935,1.8372666666666666,1.0477580718378887,2.1488354898671997,0,26
3.5799,-0.13160000000000016,3.6057333333333332,0.09550729466031702,3.5685528390360015,3.4532833333333333,0.23438755441931633,3.375176442020317,2.8773,0.6594295661609896,2.9209659260376712,1.9706166666666667,1.0577713325119278,2.263320650677824,0,27
3.6013,0.021400000000000308,3.6309,0.070616995121566,3.584926419518001,3.5497666666666667,0.1049589570578325,3.439783172871655,3.025441666666667,0.5980165510910094,3.0256327066472606,2.0978624999999997,1.0627943237614543,2.370358998623598,0,28
3.5679,-0.03340000000000032,3.583033333333333,0.016919022824401567,3.5764132097590005,3.5742166666666666,0.08401729385470519,3.4763879806226106,3.1530083333333336,0.527086717823603,3.1090584440861435,2.2186833333333333,1.0580121235709874,2.4661622787337105,0,29
3.6233,0.055400000000000116,3.5974999999999997,0.02789480238322694,3.5998566048795,3.6016166666666662,0.06308915649038152,3.5183628433018646,3.2658583333333335,0.46152743729792,3.1881725296113523,2.3393208333333333,1.0456429571775105,2.558733296435014,0,30
3.5004,-0.12290000000000001,3.5638666666666663,0.06154919441660165,3.55012830243975,3.5973833333333336,0.06969982544216202,3.513230602358475,3.3546666666666667,0.38288686991265786,3.2362075250557596,2.4423166666666667,1.0325727605341444,2.634066632720213,0,31
3.6282,0.12780000000000014,3.5839666666666665,0.07241231479059773,3.589164151219875,3.5835000000000004,0.04703381762095453,3.546079001684625,3.4428750000000004,0.298161823435769,3.2965140596625657,2.5586125,1.0006031890868985,2.713597302102596,1,0
3.2239,-0.4043000000000001,3.450833333333333,0.2066573573172093,3.4065320756099373,3.5241666666666664,0.15442631468330784,3.4540278583461608,3.488725,0.19282549871462193,3.2853426658683245,2.650575,0.9530319193751214,2.7544215179343885,1,0
2.9931,-0.2307999999999999,3.2817333333333334,0.3214755408010583,3.1998160378049687,3.4228,0.258328658882443,3.322334184532972,3.486283333333333,0.19934255502130366,3.2403822557347364,2.7359333333333336,0.8827322380302947,2.7735157964996375,0,1
3.1992,0.20609999999999973,3.138733333333333,0.12672538551266296,3.1995080189024843,3.36135,0.2607507679758619,3.2871529889521227,3.467783333333333,0.2155723874767395,3.2340465240832383,2.8154541666666666,0.8313457868860525,2.8075705327796667,0,2
2.6173,-0.5818999999999996,2.936533333333333,0.29504532420177954,2.9084040094512424,3.193683333333334,0.36229124977932986,3.0957664206800874,3.39765,0.32688679858768616,3.139162443455048,2.8612583333333332,0.7857881404466907,2.7923488901572937,0,3
2.4755,-0.14180000000000037,2.764,0.3835050064862258,2.6919520047256214,3.022866666666667,0.4249510403171984,2.9185474433429195,3.3101249999999998,0.41750508570663747,3.0370605290773485,2.9072250000000004,0.7248013576446167,2.7670009789447105,0,4
2.2849,-0.19059999999999988,2.459233333333333,0.166795963180569,2.488426002362811,2.7989833333333336,0.3950546312431604,2.737505316673514,3.1912416666666665,0.489693866258822,2.9213435246039103,2.948558333333333,0.653518627469238,2.7284329006291337,0,5
1.8155,-0.46940000000000004,2.191966666666666,0.3396725678257428,2.1519630011814055,2.56425,0.4972781264041314,2.4740752261953673,3.0442083333333336,0.6120000838656098,2.7512137515879242,2.9607541666666664,0.6279869965277722,2.655398268578803,0,6
1.9501,0.13460000000000005,2.016833333333333,0.24171076379287282,2.0510315005907027,2.3904166666666664,0.49967737758144537,2.3243680187109765,2.9066083333333332,0.6591662729378579,2.627965482112859,2.966025,0.6184866468981409,2.598974407092499,0,7
1.6536,-0.2965,1.8063999999999998,0.14845932102768342,1.8523157502953513,2.1328166666666664,0.3844500405341,2.1327200133649833,2.747083333333333,0.7139420931870045,2.4780631002493423,2.9500458333333337,0.6477896048531486,2.523344454525099,0,8
1.6033,-0.05030000000000001,1.7356666666666662,0.18740000889363417,1.7278078751476755,1.9638166666666665,0.3502304864894995,1.9814571524035594,2.57875,0.7265921558268368,2.3434841617494433,2.9223041666666667,0.6910322546295558,2.4497408981630913,0,9
1.0996,-0.5037,1.4521666666666662,0.3063657345940215,1.4137039375738376,1.7345,0.39568694191242326,1.7294979660025425,2.3786833333333335,0.7784263681338527,2.1521173676341445,2.8666750000000003,0.7800030776137732,2.341729626310044,0,10
1.0696,-0.029999999999999805,1.2574999999999996,0.29984701099060695,1.2416519687869187,1.5319500000000001,0.36765027267772554,1.5409556900018162,2.1654666666666667,0.755121593259033,1.9855762341519685,2.8041708333333335,0.8607588242127677,2.239959256205241,0,11
0.9352,-0.13440000000000007,1.0347999999999997,0.08755067104255339,1.0884259843934594,1.3852333333333335,0.40555860078005124,1.367882635715583,1.9747416666666666,0.7525144196242518,1.823979890436281,2.731733333333333,0.9415742847078982,2.135578515708822,0,12
0.8639,-0.07130000000000003,0.9562333333333332,0.104450578425085,0.9761629921967296,1.2042,0.34013661373043447,1.2238875969397023,1.7973083333333335,0.7415084091453946,1.6762752919076225,2.641795833333333,1.0129833946358513,2.033844234452116,0,13
0.52,-0.3439,0.7730333333333332,0.22201424128495678,0.7480814960983648,1.0152666666666668,0.3550940814300823,1.0227768549569303,1.5740416666666668,0.6819905497323577,1.498386785460296,2.5209125,1.0863771705966028,1.912736695695947,0,14
0.6854,0.1654,0.6897666666666665,0.1719915792512386,0.7167407480491824,0.8622833333333334,0.22497308653853318,0.9263834678263787,1.41305,0.6400638086088842,1.373311895389481,2.40535,1.1289419093924233,1.8145497600402714,0,15
0.4,-0.2854,0.5351333333333331,0.14330056989885012,0.5583703740245912,0.7456833333333334,0.2564674514761564,0.7759881913045563,1.2400916666666666,0.6064047365165435,1.2235716037910993,2.2751083333333333,1.1734867632000796,1.7013857792370497,0,16
0.4737,0.07369999999999999,0.5196999999999998,0.14815630259965964,0.5160351870122957,0.6463666666666668,0.21851676976075524,0.6896201366461117,1.0891583333333335,0.545006674618568,1.1082067416693917,2.1402,1.1872086732807532,1.6031709168980857,0,17
0.0922,-0.3815,0.3219666666666665,0.20236714983745627,0.30411759350614787,0.5058666666666667,0.26229082840746704,0.5189286690329369,0.94555,0.5629652411359646,0.9518980121817929,1.9948791666666665,1.2164169483182155,1.4822932435462388,0,18
0.1238,0.03159999999999999,0.22989999999999985,0.21172734825714473,0.21395879675307394,0.38251666666666667,0.23258466343823206,0.4060347635949549,0.7933583333333333,0.5111869618097126,0.8244983179999786,1.8499833333333333,1.2238373100413629,1.3736137840625398,0,19
0.5131,0.3893,0.24303333333333318,0.23441766856048962,0.36352939837653697,0.3813666666666667,0.23178461266157352,0.43662483113925343,0.6983166666666666,0.4374063220920142,0.7765908844615204,1.7227,1.1959366487511331,1.3047726813375367,0,20
0.2956,-0.21750000000000003,0.3108333333333332,0.195096548747884,0.3295646991882685,0.3164,0.17788545752817791,0.3963320222423239,0.5893416666666668,0.34446882286245417,0.7025922868520557,1.5840458333333334,1.1583161943393716,1.2240388668305338,0,21
0.2153,-0.08029999999999998,0.3413333333333332,0.15407745887486418,0.2724323495941342,0.2856166666666667,0.17650084891205464,0.3446085873159456,0.5156499999999999,0.31903612363151085,0.6276242427209702,1.4471666666666667,1.1153164388820709,1.1433397574840911,0,22
0.5388,0.32349999999999995,0.3498999999999999,0.16844711336203452,0.4056161747970671,0.29646666666666666,0.19172004242299734,0.4000918480828183,0.47141666666666665,0.2679587479558433,0.6139589746100517,1.3184416666666665,1.0274694121826786,1.0949765768853639,0,23
0.3811,-0.15769999999999995,0.37839999999999985,0.16176690019902734,0.3933580873985335,0.3446166666666666,0.1645054821781808,0.3946656057734417,0.4252416666666667,0.2250853068922769,0.5781345169777361,1.1999916666666668,0.9598925736617715,1.037866450734535,0,24
0.4457,0.06459999999999999,0.4551999999999998,0.07927805497110778,0.41952904369926675,0.3982666666666666,0.12609375348000237,0.40924686126674403,0.3903916666666667,0.17856002025463588,0.5577599759042382,1.09385,0.8913933758082273,0.9904931346757723,0,25
0.2725,-0.17319999999999997,0.36643333333333317,0.08752652931160597,0.3460145218496334,0.3581666666666667,0.120399894795119,0.37017632947624574,0.36976666666666663,0.17651060402518598,0.5138738257651246,0.9719041666666666,0.7846518970518753,0.9330536839017106,0,26
0.6819,0.40939999999999993,0.46669999999999984,0.20550630160654917,0.5139572609248166,0.42255,0.17233576239425427,0.4592402353401755,0.369475,0.17594361764756275,0.5397240064166439,0.8912624999999998,0.7034483039703069,0.9129613891895738,1,0
0.1723,-0.5095999999999999,0.37556666666666655,0.26998165369768257,0.3431286304624083,0.41538333333333327,0.1832279500149351,0.3772573109572682,0.3505,0.18442621584501423,0.48319723619869864,0.7952958333333334,0.6313332018205761,0.853708478054408,1,0
0.5086,0.33630000000000004,0.45426666666666654,0.25910832355085645,0.42586431523120416,0.41035,0.17953722455248358,0.4147837935409059,0.3534083333333333,0.18680548686868143,0.48710535370659114,0.7212833333333334,0.5476901136406572,0.8260997998100554,0,1
0.223,-0.2856000000000001,0.30129999999999985,0.18130799761732022,0.32443215761560207,0.38399999999999995,0.1955743336944012,0.35998842395778996,0.3643083333333333,0.17352233525784513,0.44647376082865403,0.6549291666666667,0.5040915095316425,0.777851815825251,0,2
0.05,-0.173,0.26053333333333323,0.2315924293523767,0.18721607880780103,0.31805,0.23362332717434103,0.27142030282699287,0.3581583333333333,0.1838234353361686,0.3854777976242457,0.5757583333333334,0.4365143086620103,0.7196236705592309,0,3
0.2815,0.23149999999999998,0.18483333333333318,0.1203768388575463,0.2343580394039005,0.31955,0.23330104800452392,0.2743002163049949,0.3388583333333333,0.17814736217951097,0.3694812133743618,0.5185875,0.37468423031355147,0.6845737769144925,0,4
0.2486,-0.032899999999999985,0.19336666666666655,0.12524417484791722,0.24147901970195024,0.24733333333333332,0.15138810609382783,0.26695729736071067,0.3349416666666667,0.1796948193634511,0.35088410362446,0.4621416666666667,0.2984565468578722,0.6496958747613332,0,5
0.05,-0.1986,0.1933666666666665,0.12524417484791725,0.1457395098509751,0.22695,0.1705340757737569,0.20496949811479334,0.32116666666666666,0.1953535551638471,0.3045942415283892,0.4184083333333333,0.27712501168508014,0.6017202047804265,0,6
0.0567,0.006699999999999998,0.11843333333333318,0.11277740612966665,0.10121975492548756,0.15163333333333331,0.11048266228995543,0.16260678436770953,0.28099166666666664,0.19609902627515366,0.26645666590863704,0.3762041666666667,0.2493813205221452,0.5581185883979924,0,7
0.193,0.1363,0.09989999999999986,0.08069653028478033,0.1471098774627438,0.14663333333333334,0.10723813998142805,0.17129056026264966,0.2653166666666667,0.19488353087437488,0.25515564038423133,0.34527916666666664,0.22150953258351883,0.5289091013261531,0,8
0.2539,0.06090000000000001,0.16786666666666653,0.10097387450888327,0.2005049387313719,0.18061666666666665,0.10270251051788488,0.19489325733046403,0.24933333333333332,0.18642621905600618,0.25496246494050345,0.3198625,0.19251282241317066,0.5069083732200609,0,9
0.05,-0.20390000000000003,0.1656333333333332,0.1046685403229438,0.12525246936568596,0.14203333333333334,0.1006878873880884,0.15349518380747432,0.23079166666666664,0.19478978159840518,0.22342977802657984,0.30027916666666665,0.1951558885902653,0.470355703362456,1,0
0.3775,0.3275,0.2271333333333332,0.16538259682728296,0.251376234682843,0.16351666666666667,0.13565334373570123,0.21749655986248165,0.205425,0.14386756615343158,0.24713288909941372,0.28745,0.178114372146731,0.46292724709345956,1,0
0.1581,-0.2194,0.19519999999999985,0.16687231645783052,0.2047381173414215,0.18153333333333332,0.12426170233292418,0.2005261141874869,0.20424166666666668,0.1442227535845786,0.23343552154565775,0.2773708333333333,0.1783126893950124,0.4385410673259828,0,1
0.05,-0.10809999999999999,0.19519999999999982,0.16687231645783054,0.12736905867071074,0.18041666666666667,0.12563043288421902,0.15751865299106207,0.166025,0.11379110146549355,0.205214672077095,0.25971666666666665,0.1790028944790863,0.4074577819399042,0,2
0.4041,0.3541,0.20406666666666654,0.18147011691552872,0.26573452933535535,0.2156,0.15579712449210828,0.2279704664221872,0.18111666666666668,0.13250489413489572,0.23581241483446502,0.27271249999999997,0.17762908915834763,0.4071891593847119,1,0
0.2764,-0.12770000000000004,0.24349999999999983,0.17932793981976783,0.27106726466767767,0.21935000000000002,0.1571681233584262,0.241807476015848,0.19998333333333332,0.12818627662567644,0.24205665870608578,0.2790708333333333,0.17477520090520876,0.39672602663393497,0,1
0.4798,0.20340000000000003,0.38676666666666654,0.1028018644448407,0.37543363233383886,0.2909833333333333,0.16240435236370954,0.30980534001132,0.2165083333333333,0.1504914461980839,0.27863255736668796,0.27768333333333334,0.17295926554029623,0.4033719445032202,0,2
0.3805,-0.0993,0.3788999999999998,0.10170943908999833,0.3779668161669194,0.2914833333333333,0.1627282817050433,0.3300038142938,0.2275,0.15769303322365136,0.29430447161796675,0.28122083333333336,0.1742053759944541,0.4015421889429626,0,3
0.3317,-0.04880000000000001,0.39733333333333315,0.07547134113910647,0.3548334080834597,0.3204166666666667,0.14913477685193297,0.3304884387812857,0.250975,0.14962878384371206,0.30005762983058726,0.28607083333333333,0.17391037791663913,0.3959548138275256,0,4
0.3253,-0.006400000000000017,0.34583333333333316,0.030192272742134894,0.34006670404172984,0.3663,0.07137632660769981,0.32900602770091836,0.2733583333333333,0.13752545852469303,0.3039410713951123,0.277175,0.16568677691199463,0.3903024287213236,0,5
0.4359,0.11060000000000003,0.36429999999999985,0.062089934772087664,0.3879833520208649,0.3716,0.07578875906101788,0.3595471626435131,0.2936,0.1424115036211582,0.32424244502663346,0.2794583333333333,0.16754838085622625,0.3939502344236177,0,6
0.3155,-0.12040000000000001,0.35889999999999983,0.06686374204306926,0.3517416760104325,0.37811666666666666,0.06715511645940067,0.3469622590310808,0.29873333333333335,0.14195988763369913,0.32289745348407445,0.2740333333333333,0.16400198213721187,0.3876742156697283,0,7
0.2624,-0.05309999999999998,0.3379333333333332,0.08889883763770745,0.3070708380052163,0.3418833333333333,0.05953615428187965,0.32280161359362913,0.31643333333333334,0.11960961753163234,0.313590152948063,0.2736125,0.1640190453217787,0.37765227841615007,0,8
0.4931,0.23069999999999996,0.3569999999999998,0.12081932792397954,0.40008541900260813,0.36064999999999997,0.08600566841789586,0.3714582954240208,0.32606666666666667,0.12924234693948802,0.34120705249451483,0.26574583333333335,0.14725643701638466,0.3868880961428581,1,0
0.3898,-0.1033,0.38176666666666653,0.11555960943744745,0.39494270950130406,0.37033333333333335,0.0853626303875161,0.37669878244572913,0.345375,0.118749094733403,0.3486828905722818,0.2748083333333333,0.14794663525766577,0.3871210484514294,0,1
0.425,0.03520000000000001,0.43596666666666656,0.052515934089905625,0.40997135475065205,0.38694999999999996,0.08454307186286153,0.3904991303183779,0.376625,0.07537169863117144,0.3604239843303923,0.271325,0.1431078257210818,0.3901513645753151,0,2
0.5905,0.16550000000000004,0.4684333333333332,0.10716792119536174,0.500235677375326,0.4127166666666667,0.11898792235632807,0.4476422359416985,0.3921583333333334,0.09750619988059309,0.3958202944334089,0.2866375,0.15672553914270645,0.4061792554092899,0,3
0.416,-0.17450000000000004,0.4771666666666665,0.0982526505155726,0.458117838687663,0.42946666666666666,0.10924005980717653,0.4386015971012132,0.4037916666666666,0.09051693421007209,0.39892486452057674,0.30188750000000003,0.15037669023953834,0.4069649149765467,0,4
0.4403,0.024300000000000044,0.48226666666666657,0.0945170002345358,0.4492089193438315,0.4591166666666666,0.07293601076749,0.43908685507229517,0.4005,0.08818989841144408,0.40529026997894957,0.30850416666666663,0.15291288647938087,0.409631721778423,0,5
0.3521,-0.0882,0.4027999999999999,0.04555754602699777,0.40065445967191576,0.4356166666666667,0.08195426570152094,0.41423346790878224,0.3981333333333334,0.08915124363926108,0.3971071515206497,0.3128166666666667,0.15260916453953877,0.4050291840361492,0,6
0.5098,0.1577,0.43406666666666655,0.0790345704950391,0.45522722983595787,0.4556166666666667,0.08317031722120236,0.4415381913634159,0.4129749999999999,0.09186954312800344,0.41444451282516515,0.331975,0.14693693486014214,0.4134108493132572,0,7
0.5002,-0.009600000000000053,0.4540333333333331,0.08840725837472437,0.4777136149179789,0.46815000000000007,0.08329981392541475,0.4582987081167256,0.42755000000000004,0.0905600102393328,0.4276376646982167,0.3504541666666667,0.13845552724744858,0.4203539813681967,0,8
0.5848,0.08460000000000001,0.5315999999999997,0.04632191705879428,0.5312568074589894,0.4672,0.08164138656348705,0.4944419343690897,0.4399583333333333,0.10136455771426543,0.45181648551387565,0.36677916666666666,0.14213258959636577,0.433509662858741,0,9
0.3643,-0.22049999999999997,0.48309999999999986,0.11124014563098114,0.44777840372949473,0.45858333333333334,0.0903859152007403,0.4572585245493498,0.44402499999999995,0.0967932954571603,0.43835241081943327,0.37137916666666665,0.14009237318772544,0.4279728898300417,1,0
0.3836,0.019299999999999984,0.4442333333333332,0.1221161878431164,0.41568920186474734,0.4491333333333334,0.09549918673305782,0.4362132318209641,0.45412500000000006,0.08118317251747784,0.42992896300105893,0.3852791666666667,0.12222979420168512,0.4244230586436384,0,1
0.5719,0.18829999999999997,0.4399333333333331,0.11469317038662456,0.49379460093237365,0.4857666666666667,0.09295660636380466,0.47498087987211723,0.46069166666666667,0.08755893037195776,0.451770661000896,0.39337916666666667,0.12799711266843422,0.43622121395214736,1,0
0.4915,-0.08039999999999997,0.4823333333333331,0.09448409037152886,0.4926473004661868,0.4827166666666666,0.09230829684635797,0.47970062848008377,0.4691666666666667,0.0849565914114083,0.4578828670007582,0.4072708333333333,0.11913728463661681,0.44064351683597563,0,1
0.3182,-0.1733,0.4605333333333332,0.12965385969316634,0.4054236502330934,0.4523833333333333,0.11299867993333124,0.43355759177148845,0.46026666666666666,0.09500409879516435,0.4363931951544877,0.41844583333333335,0.09412040382761427,0.43084803548909756,0,2
0.6504,0.3322,0.48669999999999985,0.16615200871491712,0.5279118251165467,0.4633166666666666,0.13023264439715335,0.49551256555106316,0.46525833333333333,0.10364911487877776,0.46931731897687423,0.4287083333333334,0.1052570845149447,0.4484121926499698,1,0
0.1999,-0.4505,0.3894999999999998,0.23356012073982585,0.3639059125582733,0.4359166666666667,0.1672615845514907,0.4110518325364737,0.44725,0.12872507349175266,0.4278685006727397,0.42552083333333335,0.11106790315984788,0.4285312172379722,1,0
0.5725,0.37260000000000004,0.47426666666666656,0.2407797818201006,0.46820295627913666,0.4674,0.17312016635854044,0.45717988038319546,0.45826666666666666,0.13363942214600344,0.4501195005692412,0.4293833333333333,0.11459349957538618,0.44004871985893446,1,0
0.2652,-0.3073,0.3458666666666665,0.19896739263843066,0.3667014781395683,0.41628333333333334,0.1811850260553436,0.40232848598799675,0.45102499999999995,0.14200784949496414,0.4216703466355118,0.4245791666666667,0.11906174495750241,0.42606082227021974,0,1
0.7379,0.4727,0.5251999999999999,0.23987348748872156,0.5523007390697842,0.45735,0.22441077291433392,0.4982060614199977,0.47003333333333336,0.16413284161608926,0.47032106253774075,0.44150416666666664,0.1333040900222988,0.45100795648860215,1,0
0.2234,-0.5145,0.40883333333333316,0.28574545199064033,0.38785036953489205,0.44155000000000005,0.23902845646493387,0.4196900438714269,0.4469666666666667,0.17834303173855584,0.4323332067627037,0.4372583333333333,0.1386805710873298,0.432799319969514,1,0
0.6279,0.4045,0.5297333333333332,0.2709337249833162,0.5078751847674461,0.4378,0.23524312529808136,0.47917860276530494,0.4505583333333334,0.18177224739834458,0.46242040572228776,0.4452583333333333,0.1440334077089005,0.4484073743719529,0,1
0.4429,-0.185,0.43139999999999984,0.20249506166818484,0.4753875923837231,0.4783,0.2050779071475245,0.4688132876895036,0.4571083333333334,0.17978673456138244,0.4594172663803973,0.4505666666666666,0.14136621780410744,0.4479667844221967,0,2
0.4001,-0.042800000000000005,0.4902999999999999,0.1210713839022331,0.43774379619186154,0.44956666666666667,0.20128224627789565,0.44918091977821684,0.45848333333333335,0.17923568959402306,0.4502915330911054,0.4563041666666667,0.13609324003010034,0.44413744166842095,0,3
0.4829,0.08279999999999998,0.44196666666666656,0.04140788974742965,0.46032189809593077,0.48585000000000006,0.1798854496617463,0.45881494269872625,0.45106666666666667,0.17592676851119177,0.45530822030785845,0.45587916666666667,0.13598922265217447,0.4472384463349473,0,4
0.5499,0.06700000000000006,0.4776333333333332,0.07503874554745206,0.5051109490479654,0.4545166666666667,0.1389074572032597,0.48483924478480445,0.45593333333333336,0.17794316423221282,0.4698608017989572,0.46255,0.13653253155903716,0.45545137062815155,0,5
0.3195,-0.23040000000000005,0.45076666666666654,0.11851351540366731,0.4123054745239827,0.4705333333333334,0.10931769603625653,0.43759946056057464,0.4560416666666667,0.1778520603726323,0.4467283707529638,0.45815416666666664,0.13946100897874203,0.44457526097789946,1,0
0.3328,0.013299999999999979,0.40073333333333316,0.12935317287695475,0.37255273726199134,0.42135000000000006,0.0888189112746202,0.4076567575432676,0.429575,0.1697464533034299,0.4292009290986617,0.44741666666666663,0.13874699735622673,0.4356332400996675,0,1
0.5526,0.2198,0.4016333333333331,0.13090998179411426,0.46257636863099566,0.4396333333333333,0.10411577530170665,0.4490691125309054,0.4589666666666667,0.15637093041480069,0.4481854015450214,0.4531083333333334,0.1401964178562227,0.4449905808916941,1,0
0.199,-0.35359999999999997,0.36146666666666655,0.17853451580390658,0.33078818431549784,0.4061166666666667,0.1440845504093883,0.3776207946649325,0.42784166666666673,0.16842538384769984,0.4098491859227104,0.4430541666666667,0.1494986897693759,0.42531133442035857,1,0
0.3675,0.16849999999999998,0.37303333333333316,0.1768649296308778,0.3491440921577489,0.3868833333333333,0.13941149761291433,0.37472913904638033,0.43636666666666674,0.16190763547234274,0.40333392654998573,0.44369583333333334,0.14912390960765862,0.42068642766672987,0,1
0.9112,0.5437000000000001,0.49256666666666654,0.3722075541056834,0.6301720460788744,0.4471,0.2544622093750048,0.5280065278902717,0.4508083333333333,0.19549389880428378,0.48146716861921873,0.46042083333333333,0.17680123936997746,0.4599275134533915,1,0
0.3099,-0.6013,0.5295333333333332,0.3317853573220723,0.47003602303943726,0.4455,0.2554532442542251,0.4656903770644798,0.4580166666666667,0.1877894364021709,0.45507221960087735,0.4524916666666667,0.1791907919719724,0.4479253123771202,1,0
0.6273,0.31739999999999996,0.6161333333333332,0.3008054908630079,0.5486680115197187,0.4945833333333334,0.25775054154487304,0.511864555046057,0.45796666666666663,0.1877401653801665,0.48156880120074236,0.4542625,0.1807583080356737,0.4622752873869506,0,1
0.3673,-0.25999999999999995,0.4348333333333332,0.1691338326099639,0.4579840057598593,0.4637,0.2604953512061371,0.4705603964614693,0.45166666666666666,0.18955143860912912,0.4639889856313974,0.4543875,0.18069441730628708,0.4546772643959946,0,2
0.5315,0.16419999999999996,0.5086999999999998,0.13149098828437594,0.49474200287992964,0.5191166666666667,0.22600612749807303,0.4879717117581923,0.4626166666666666,0.19009630015688336,0.47437529553425933,0.46055,0.1806973087550304,0.46082308324431503,0,3
0.5533,0.02180000000000004,0.48403333333333326,0.10167995541568287,0.5240210014399649,0.5500833333333334,0.21345778427285136,0.5066369369701373,0.4684833333333333,0.1918573515227808,0.48651755775975786,0.459775,0.18023827526241937,0.4682212365847699,0,4
0.6245,0.07120000000000004,0.5697666666666666,0.04863757121130933,0.5742605007199825,0.5023000000000001,0.13360706568145495,0.5403120978358125,0.47469999999999996,0.195901283117991,0.5077456257967182,0.46531666666666666,0.18327515941331884,0.4807235376579883,0,5
0.4251,-0.19940000000000008,0.5342999999999999,0.10104870112971209,0.4996802503599912,0.5215,0.10581538640485402,0.5073943555970089,0.48350000000000004,0.19059578360308826,0.4950309141356847,0.4697708333333334,0.1808269590307962,0.47627365464534926,0,6
0.7535,0.32839999999999997,0.6010333333333332,0.16545287345143075,0.6265901251799956,0.5425333333333334,0.13853550688063754,0.5777102539978634,0.5185583333333333,0.1988683322216198,0.5347953888840409,0.47406666666666664,0.18644213385221894,0.49845176227372134,1,0
0.3667,-0.3867999999999999,0.5150999999999998,0.20851513134542987,0.4966450625899978,0.5424333333333333,0.13868742793301478,0.5174216099984739,0.5030666666666667,0.20316964847291674,0.5089345598249576,0.48101666666666665,0.17872694419061871,0.48791162129182364,1,0
0.4903,0.12359999999999999,0.5368333333333332,0.19755397574671885,0.4934725312949989,0.5355666666666666,0.14034703654397263,0.5096725785703384,0.5273416666666667,0.17956819650754463,0.5060677044672718,0.4775916666666667,0.17768215617555635,0.48810269158847774,0,1
0.492,0.0016999999999999793,0.4496666666666665,0.07185626857369694,0.49273626564749945,0.5253500000000001,0.1410274831371834,0.5046232704073845,0.5377166666666667,0.17296875615573773,0.5039034422415377,0.48704166666666665,0.17182978664863818,0.48841447626139955,0,2
0.2869,-0.2051,0.42306666666666654,0.1179268558613147,0.3898181328237497,0.4690833333333333,0.15967204409875688,0.4424166217195604,0.48569166666666663,0.14143424079656058,0.4705182972813011,0.46825,0.16781688778574513,0.4722933181604876,0,3
0.4123,0.1254,0.3970666666666665,0.10339508370002566,0.40105906641187483,0.46695,0.16046078337091807,0.43381187265682886,0.49422499999999997,0.1326820884328838,0.46156163616110096,0.4761208333333333,0.16008554229366148,0.4674938527076486,0,4
0.4794,0.06709999999999999,0.39286666666666653,0.09771030310737612,0.4402295332059374,0.4212666666666667,0.08277754929131141,0.4468370518977349,0.4819,0.12589239994391593,0.4643059998286239,0.4699333333333333,0.15680017099223717,0.4684463444910367,0,5
0.3904,-0.08899999999999997,0.4273666666666665,0.04637351974279374,0.41531476660296873,0.42521666666666663,0.08017758830668006,0.43071217992695354,0.483825,0.12414525308540347,0.45293584600883563,0.46774583333333336,0.15755808584986392,0.4622026369317538,0,6
0.8215,0.4311,0.5637666666666665,0.22759636054501212,0.6184073833014844,0.48041666666666666,0.18257306939051918,0.5423658428049668,0.5079916666666666,0.15790550948033738,0.5096380235459379,0.48530416666666665,0.17246696338763348,0.4909464259772135,1,0
0.3297,-0.4918,0.5138666666666665,0.2681414241278941,0.4740536916507422,0.45336666666666664,0.19227883572217563,0.48160417343211914,0.48935833333333334,0.16510170671621954,0.48195525069271666,0.4789208333333333,0.17537048727758445,0.47804671189903647,1,0
0.6325,0.30279999999999996,0.5945666666666665,0.24808468984065732,0.5532768458253711,0.5109666666666667,0.1840254294022303,0.524717266737228,0.490025,0.16571202910745977,0.5051159813553756,0.4823625,0.1776201144419016,0.49040297494711355,0,1
0.5844,-0.04809999999999992,0.5155333333333332,0.16272345661684795,0.5688384229126855,0.53965,0.17891212088622868,0.5417694762408771,0.5033,0.1664173067923,0.5173135226853178,0.4934,0.1752747458185163,0.4979227369513445,0,2
0.4542,-0.13020000000000004,0.5570333333333332,0.09224653561698216,0.5115192114563427,0.53545,0.18089418730298804,0.5167496258863408,0.4783583333333333,0.14677987512743962,0.5076037499644998,0.4984583333333333,0.1721625417943979,0.4944249179952369,0,3
0.3272,-0.127,0.45526666666666654,0.12860331773844424,0.4193596057281713,0.5249166666666666,0.19249747444232929,0.46259258991881486,0.4750666666666667,0.14992085386711534,0.4798493268930383,0.4890666666666667,0.17520172886449442,0.481046924555618,0,4
0.3426,0.015400000000000025,0.37466666666666654,0.06930695010845095,0.38097980286408567,0.4451,0.1358895728156092,0.42830899279915347,0.4627583333333333,0.1545481122989021,0.4587340458325708,0.49505,0.1671310940809699,0.46997117059116855,0,5
0.3815,0.03889999999999999,0.3504333333333332,0.02798469819982572,0.38123990143204284,0.4537333333333333,0.12853830038815436,0.4149349948565382,0.45354999999999995,0.15593315292721024,0.44685188493525224,0.49563333333333337,0.16669040468634994,0.46289347694387506,0,6
0.1933,-0.1882,0.30579999999999985,0.09935033970753213,0.2872699507160214,0.3805333333333334,0.13139941653856613,0.351610710611813,0.44575000000000004,0.16697696901615128,0.4078439026375211,0.4657208333333333,0.15270125701818557,0.44132599878836504,0,7
0.3134,0.12010000000000001,0.29606666666666653,0.09528978609135072,0.3003349753580107,0.33536666666666665,0.08606292271748457,0.34069336472272355,0.43750833333333333,0.1711662958451105,0.39331407146251784,0.4658666666666667,0.1525475682523867,0.43109191888529586,0,8
0.2454,-0.068,0.25069999999999987,0.060225160854929106,0.27286748767900537,0.3005666666666667,0.06890650670782707,0.3134666890876597,0.4180083333333333,0.17910499946493932,0.3705580604682843,0.44995416666666666,0.1548765763275196,0.4162365653744722,0,9
0.675,0.42960000000000004,0.4112666666666665,0.23091655058339858,0.4739337438395027,0.35853333333333337,0.16915715375554077,0.4167619207768998,0.441725,0.19339017143870954,0.41739528193470216,0.462775,0.16037514241413559,0.4369376401445144,1,0
0.5732,-0.1018,0.4978666666666666,0.22448913856428598,0.5235668719197514,0.3969666666666667,0.18975557611484192,0.4614585148406427,0.42103333333333337,0.15934987995736563,0.4413652385601326,0.46451249999999994,0.1613748520694635,0.4478386289329533,0,1
0.6082,0.03499999999999992,0.6187999999999999,0.05172117554736873,0.5658834359598757,0.43475,0.20777425971474134,0.503384653457602,0.4442416666666667,0.16501853591936955,0.46703212493549684,0.46680000000000005,0.16306836123169033,0.460667538618317,0,2
0.5916,-0.016599999999999948,0.5909999999999999,0.017507712586222014,0.5787417179799379,0.5011333333333333,0.17647325765303729,0.5285890381840014,0.44083333333333335,0.16115384142509037,0.48619641340695885,0.4654291666666666,0.16181851476583553,0.47114213552885165,0,3
0.5454,-0.04620000000000002,0.5817333333333332,0.03254187046460452,0.562070858989969,0.5398000000000001,0.1506380562806375,0.5333921701314296,0.4375833333333334,0.15836442916338564,0.4953046574981959,0.47044166666666665,0.16237720689446228,0.47708276468654354,0,4
0.7615,0.21609999999999996,0.6328333333333331,0.11379781778810635,0.6617854294949845,0.6258166666666667,0.07942977821116567,0.598565835808164,0.46319166666666667,0.1840574685863814,0.5362577871138581,0.470775,0.1629905952208323,0.49983614351162003,1,0
0.4788,-0.28269999999999995,0.5952333333333332,0.14779155366033295,0.5702927147474923,0.5931166666666666,0.09415371297338754,0.56434702557726,0.475825,0.17900821273694467,0.5274181275578799,0.47544583333333335,0.16147764410935608,0.49815325203069044,1,0
0.6218,0.14300000000000002,0.6206999999999998,0.14135321008028692,0.5960463573737462,0.6012166666666666,0.09418811850055732,0.5807621611266143,0.49909166666666666,0.17826106727511504,0.5419384156258984,0.480925,0.16421143118078343,0.5080449918682353,0,1
0.7616,0.13980000000000004,0.6207333333333332,0.14140301741241268,0.6788231786868731,0.6267833333333334,0.11498619772248744,0.6324301150904388,0.5307666666666667,0.1889180309664614,0.5757325055296063,0.4921583333333333,0.17393544008869194,0.5283293925187764,0,2
0.5049,-0.25670000000000004,0.6294333333333332,0.12852012812526714,0.5918615893434366,0.6123333333333334,0.1252788835625342,0.5959929393503134,0.5567333333333334,0.15704208083032256,0.5648351969865899,0.5012416666666667,0.16835296233670072,0.5264550411172744,1,0
1.2321,0.7272,0.8328666666666665,0.36880098065668826,0.9119807946717182,0.7267833333333334,0.27550383965867836,0.7777378138216524,0.6332916666666667,0.2331326678810493,0.6674913205271146,0.5354,0.22361873997849882,0.5829066378278924,1,0
0.8488,-0.3833,0.8619333333333333,0.36377784887666664,0.8803903973358591,0.7413333333333334,0.2799730106040129,0.7980412955868945,0.6835749999999999,0.2052719222043209,0.6953849635229431,0.5507916666666667,0.23214694730909932,0.6041781068016611,0,1
0.9561,0.10729999999999995,1.012333333333333,0.19774064663931598,0.9182451986679295,0.8208833333333333,0.2573543037655958,0.8432009254192103,0.707,0.21973408723025037,0.7354949691347981,0.5743625,0.24359053814084256,0.6323318582575282,0,2
1.2278,0.27170000000000005,1.0108999999999997,0.19535232274022626,1.0730225993339648,0.9218833333333333,0.2813884106829462,0.953086375299436,0.7615500000000001,0.2608962751049514,0.8112342046525214,0.5912916666666667,0.27376293762030474,0.679969309596926,0,3
1.2958,0.06800000000000006,1.1599,0.17974100812002103,1.1844112996669824,1.0109166666666667,0.3041244838329762,1.0510045537853114,0.81885,0.2971444231040189,0.8857827885521335,0.6315458333333334,0.3030836876524708,0.729235764829172,0,4
1.2986,0.0027999999999999137,1.2740666666666665,0.04009255957574582,1.241505649833491,1.1432,0.19192397453160262,1.121746109846651,0.8777666666666667,0.3173908268518466,0.9492931287748823,0.6593,0.3322680230332746,0.7747849036428383,0,5
1.4617,0.16310000000000002,1.352033333333333,0.09498443732177743,1.3516028249167455,1.1814666666666667,0.23191682704511513,1.218875792747608,0.9541249999999999,0.33960534615398125,1.028124955117208,0.6958541666666668,0.3698068637865298,0.8297381113514113,0,6
1.3799,-0.0818000000000001,1.3800666666666663,0.08155012773340484,1.3657514124583727,1.2699833333333335,0.17356528934863,1.2648827091054342,1.0056583333333333,0.3543189945857321,1.0822441927914837,0.734425,0.39116496158771524,0.8737510624432985,0,7
1.6983,0.3184,1.5132999999999999,0.1653528348713779,1.5320257062291862,1.3936833333333334,0.16955637902088314,1.3887162207895958,1.1072833333333334,0.3642180336839563,1.1770220092851016,0.7915541666666667,0.4275371145640056,0.9397149774478346,0,8
2.0466,0.3483000000000003,1.7082666666666666,0.3334617269392912,1.7893128531145932,1.5301500000000001,0.2935271077771292,1.5766830148497113,1.2260166666666665,0.4195942863666239,1.3108032386258552,0.8625541666666666,0.4870818090193285,1.028265779252008,0,9
2.2315,0.18489999999999984,1.9921333333333333,0.2707406938997794,2.0104064265572967,1.6861,0.3799579713599993,1.7637735820355083,1.3485083333333332,0.4816558946315661,1.4524488942218774,0.9396375,0.5499689815858044,1.1245245169118474,0,10
2.5494,0.31789999999999985,2.2758333333333334,0.2543148507919536,2.279903213278648,1.8945666666666667,0.4596130618973663,1.9882382728825059,1.5188833333333334,0.5164609020374474,1.621210602803127,1.0378083333333332,0.6171368179759283,1.2385145555588997,0,11
2.5512,0.0018000000000002458,2.444033333333333,0.18406146618272257,2.4155516066393243,2.0761499999999997,0.4695060329750888,2.1490844806303615,1.6288083333333334,0.5856217712953915,1.764285894679569,1.13105,0.6697391218260679,1.343529391114188,0,12
2.5617,0.010499999999999954,2.5541,0.006643041472109818,2.488625803319662,2.2731166666666667,0.35224965814982895,2.2669746290216866,1.7715500000000002,0.5869685689277501,1.886964987805789,1.2275625000000001,0.7026500426568383,1.440983039825053,0,13
3.1215,0.5598000000000001,2.7447999999999997,0.32627401061071387,2.805062901659831,2.5103166666666668,0.36664864607232744,2.5111247350154904,1.9520000000000002,0.6436058209240128,2.076893451220283,1.3295000000000001,0.7909206726561058,1.5754243966390487,0,14
3.3591,0.23760000000000003,3.0141000000000004,0.4094053736823691,3.0820814508299157,2.7290666666666668,0.42200634434409917,2.753403382153922,2.129608333333333,0.7156332929121182,2.2741559971863934,1.4455791666666666,0.8750572219695226,1.718118444907925,0,15
3.4414,0.0822999999999996,3.3073333333333337,0.16611394683569974,3.261740725414958,2.9307166666666666,0.4257503090623305,2.9499738443956582,2.3084083333333334,0.7553066125853461,2.453731997619256,1.5636291666666666,0.9454540185996543,1.855980969315291,0,16
3.4219,-0.01949999999999985,3.4074666666666666,0.04300654988875242,3.341820362707479,3.0761333333333334,0.4184015423808446,3.084809888854042,2.48535,0.7458868699255075,2.6026809210624475,1.6815583333333333,0.9941977495171324,1.9812544917700678,0,17
3.7146,0.29269999999999996,3.5259666666666667,0.16365195792697915,3.5282101813537396,3.2700333333333336,0.3954239935394279,3.26474992061003,2.6730916666666666,0.7483346656025109,2.7737453947451476,1.8136083333333335,1.0458568485952682,2.1199221324284623,0,18
4.1508,0.43620000000000037,3.7624333333333335,0.36679670572857365,3.83950509067687,3.534883333333333,0.3563541351895183,3.5179070861500215,2.904,0.7404854562441371,2.9855999493997403,1.9548291666666666,1.1235555706847211,2.2823923618341855,0,19
3.6956,-0.45520000000000005,3.853666666666667,0.257500317151909,3.767552545338435,3.6305666666666667,0.29494189710292007,3.5686764901071584,3.070441666666667,0.6655134688321238,3.094830726415165,2.0888625,1.1316616550789769,2.3954489728874506,0,20
3.4842,-0.21140000000000025,3.776866666666667,0.3406495168546902,3.6258762726692177,3.6514166666666665,0.27570793544377625,3.5445403500765416,3.1902416666666666,0.5895074730937085,3.1547336915820625,2.2081291666666667,1.121110509031178,2.4825490550564546,0,21
3.555,0.0708000000000002,3.5782666666666665,0.10760340762882058,3.590438136334609,3.6703500000000004,0.261959033056703,3.547528821483244,3.3005333333333335,0.5126226422363034,3.2163131236463607,2.324520833333333,1.1093462179528235,2.5683451306519385,0,22
3.6584,0.10339999999999971,3.5658666666666665,0.08760692514484285,3.6244190681673043,3.709766666666667,0.23332639513494713,3.57920630105946,3.3929500000000004,0.4624027062283137,3.2843264892392283,2.4559166666666665,1.0705298284602769,2.6555495201997834,0,23
3.2071,-0.4512999999999998,3.4735,0.23643098358717893,3.4157595340836524,3.6251833333333336,0.3104610791494958,3.4728902150424714,3.4476083333333336,0.38637307090975903,3.2724454908947314,2.5382083333333334,1.0480376639915803,2.6996735585838008,0,24
3.3214,0.11430000000000007,3.395633333333334,0.23462920392256,3.368579767041826,3.48695,0.1914633724763113,3.429607296458908,3.5109166666666667,0.27388207095002376,3.2799769538340033,2.6412333333333335,0.9949296849380942,2.749411673897097,0,25
3.1713,-0.15010000000000012,3.2332666666666667,0.07839657730624744,3.2699398835209132,3.399566666666667,0.19676185267136875,3.355805211756363,3.5150666666666672,0.2677537448454884,3.263257422474926,2.7335333333333334,0.9326024865777568,2.7831627399853294,0,26
3.1388,-0.032500000000000195,3.2104999999999997,0.09740723792409435,3.2043699417604565,3.342,0.2165774965226138,3.293803722683116,3.496708333333333,0.286327753896667,3.2441101267095527,2.8131583333333334,0.878462960500336,2.811613720786503,0,27
2.8822,-0.2565999999999997,3.0641,0.15836593699404286,3.0432849708802285,3.2298666666666667,0.2550030561908414,3.176202659059369,3.450108333333334,0.33714336971445785,3.188431645677314,2.879258333333333,0.8168487800644338,2.817260623123583,0,28
2.5827,-0.2995000000000001,2.8679,0.27832565458469916,2.8129924854401143,3.0505833333333334,0.27109466550758493,3.0066304707566918,3.380175,0.4203067735162403,3.095242161726958,2.9327625000000004,0.7479631982416736,2.7984957732736966,0,29
1.8934,-0.6893,2.4527666666666668,0.5070437489342855,2.353196242720057,2.831633333333333,0.5280914264279143,2.6885646219690655,3.228408333333333,0.5850794809384003,2.910343367615118,2.9507499999999998,0.7155359827490827,2.726088111411801,0,30
2.1247,0.23129999999999984,2.200266666666667,0.35080815744981597,2.2389481213600284,2.6321833333333333,0.532091027613386,2.5274604442636184,3.059566666666667,0.5870398458418797,2.7894751572127925,2.981783333333334,0.6583076237871105,2.677977062498857,0,31
1.871,-0.2536999999999998,1.9630333333333336,0.1404547020691545,2.0549740606800144,2.4154666666666667,0.5333968341363386,2.339900317331156,2.9075166666666665,0.6411279461490752,2.648171286872363,2.9889791666666667,0.6444665053388136,2.6134188974989487,0,32
1.5968,-0.2742,1.8641666666666665,0.2640163315655586,1.8258870303400072,2.158466666666667,0.4844111710795577,2.1275859409508255,2.7502333333333335,0.7141462434051558,2.486421858122769,2.9702375,0.6786946260941885,2.5320893856990327,0,33
1.1104,-0.48639999999999994,1.5260666666666667,0.3852018864612882,1.4681435151700035,1.8631666666666666,0.4949165936465134,1.8369613863934469,2.5465166666666668,0.806420352639686,2.274726187642343,2.923525,0.7648614579011082,2.41835423484311,0,34
1.0852,-0.02520000000000011,1.2641333333333333,0.28837318414397584,1.2766717575850017,1.6135833333333334,0.4332355129334017,1.622172418852462,2.3320833333333333,0.8257687127578148,2.09172215877429,2.8625166666666666,0.8496915305576779,2.3117018960556615,0,35
0.8799,-0.20529999999999993,1.0251666666666666,0.12643402759279457,1.078285878792501,1.4446666666666665,0.4954315035064559,1.4100945848946158,2.13815,0.8734828015166968,1.9052879805013223,2.792879166666667,0.9400024666846296,2.1971577443712085,0,36
0.6273,-0.25260000000000005,0.8641333333333333,0.2293568035470838,0.8527929393962504,1.1951,0.4602615951825662,1.1864389892104397,1.9136416666666667,0.8878182404670815,1.7086744450395805,2.712279166666667,1.0384621434891814,2.0715691248215116,0,37
0.8241,0.19680000000000009,0.7771,0.13269679724847283,0.8384464696981253,1.0206166666666665,0.33386741929494534,1.0829135637217426,1.718041666666667,0.8429772858563284,1.5725860688796451,2.6165541666666665,1.1029825888409264,1.9717715948357908,0,38
0.6187,-0.20540000000000003,0.6900333333333334,0.11618473795355254,0.7285732348490627,0.8576,0.21327936609058076,0.9502811169441019,1.5080333333333336,0.7673729451640208,1.4258343659750843,2.5023708333333334,1.1629845890336254,1.8635258672489277,0,39
1.0627,0.44399999999999995,0.8351666666666667,0.2222067805746161,0.8956366174245314,0.84965,0.20259288980613302,0.9824007978172156,1.3564083333333334,0.6404245515967404,1.3699675404404559,2.4032583333333335,1.180703179913551,1.7994597978690134,1,0
0.5888,-0.4739,0.7567333333333334,0.26539631371467015,0.7422183087122657,0.7669166666666666,0.18799440860479474,0.8699434270122968,1.19025,0.5448692812375935,1.249787918834232,2.2852125,1.2155437596302683,1.7026070140394924,1,0
